Timestamp, Scenario Name, Participant Number, Number of Targets, Number of Active Units, Number of In-Active Units, Score, Resource Pool,  , Blue Group Center X, Blue Group Center Y, Blue Group Proximity Min, Blue Group Proximity Max, Blue Group Search Radius, Blue Group Mode, Blue Group Number of Active Units, Blue Group Number of In-Active Units, Blue Group Unit Names,  , Red Group Center X, Red Group Center Y, Red Group Proximity Min, Red Group Proximity Max, Red Group Search Radius, Red Group Mode, Red Group Number of Active Units, Red Group Unit Names,  , Target ID: T1 Priority, Target ID: T1 True Identity, Target ID: T1 Mark Status, Target ID: T1 Marked Identity, Target ID: T1 Score Generated, Target ID: T1 Location X, Target ID: T1 Location Y, Target ID: T1 Detection, Target ID: T1 Interception, Target ID: T2 Priority, Target ID: T2 True Identity, Target ID: T2 Mark Status, Target ID: T2 Marked Identity, Target ID: T2 Score Generated, Target ID: T2 Location X, Target ID: T2 Location Y, Target ID: T2 Detection, Target ID: T2 Interception, Target ID: T3 Priority, Target ID: T3 True Identity, Target ID: T3 Mark Status, Target ID: T3 Marked Identity, Target ID: T3 Score Generated, Target ID: T3 Location X, Target ID: T3 Location Y, Target ID: T3 Detection, Target ID: T3 Interception, Target ID: T4 Priority, Target ID: T4 True Identity, Target ID: T4 Mark Status, Target ID: T4 Marked Identity, Target ID: T4 Score Generated, Target ID: T4 Location X, Target ID: T4 Location Y, Target ID: T4 Detection, Target ID: T4 Interception,  , Unit ID: B1 Group, Unit ID: B1 Location X, Unit ID: B1 Location Y, Unit ID: B1 Launch Status, Unit ID: B1 Detection Radius, Unit ID: B1 Target Detection Status, Unit ID: B1 Speed, Unit ID: B1 Price, Unit ID: B2 Group, Unit ID: B2 Location X, Unit ID: B2 Location Y, Unit ID: B2 Launch Status, Unit ID: B2 Detection Radius, Unit ID: B2 Target Detection Status, Unit ID: B2 Speed, Unit ID: B2 Price, Unit ID: B3 Group, Unit ID: B3 Location X, Unit ID: B3 Location Y, Unit ID: B3 Launch Status, Unit ID: B3 Detection Radius, Unit ID: B3 Target Detection Status, Unit ID: B3 Speed, Unit ID: B3 Price, Unit ID: B4 Group, Unit ID: B4 Location X, Unit ID: B4 Location Y, Unit ID: B4 Launch Status, Unit ID: B4 Detection Radius, Unit ID: B4 Target Detection Status, Unit ID: B4 Speed, Unit ID: B4 Price, Unit ID: B5 Group, Unit ID: B5 Location X, Unit ID: B5 Location Y, Unit ID: B5 Launch Status, Unit ID: B5 Detection Radius, Unit ID: B5 Target Detection Status, Unit ID: B5 Speed, Unit ID: B5 Price, Unit ID: R1 Group, Unit ID: R1 Location X, Unit ID: R1 Location Y, Unit ID: R1 Launch Status, Unit ID: R1 Detection Radius, Unit ID: R1 Target Detection Status, Unit ID: R1 Speed, Unit ID: R1 Price, Unit ID: R2 Group, Unit ID: R2 Location X, Unit ID: R2 Location Y, Unit ID: R2 Launch Status, Unit ID: R2 Detection Radius, Unit ID: R2 Target Detection Status, Unit ID: R2 Speed, Unit ID: R2 Price, Unit ID: R3 Group, Unit ID: R3 Location X, Unit ID: R3 Location Y, Unit ID: R3 Launch Status, Unit ID: R3 Detection Radius, Unit ID: R3 Target Detection Status, Unit ID: R3 Speed, Unit ID: R3 Price, Unit ID: R4 Group, Unit ID: R4 Location X, Unit ID: R4 Location Y, Unit ID: R4 Launch Status, Unit ID: R4 Detection Radius, Unit ID: R4 Target Detection Status, Unit ID: R4 Speed, Unit ID: R4 Price, Unit ID: R5 Group, Unit ID: R5 Location X, Unit ID: R5 Location Y, Unit ID: R5 Launch Status, Unit ID: R5 Detection Radius, Unit ID: R5 Target Detection Status, Unit ID: R5 Speed, Unit ID: R5 Price, Mouse Position X, Mouse Position Y, Launch Button, Briefing Button, Briefing Close Button, Status Button, Status Close Button, Overlay Button, View Target Button, Target Detection Submit Button,  Target Detection Detection Close Button, Red Unit to Blue Unit Switch Button, Blue Unit to Red Unit Switch Button, Blue Group Auto Mode Button, Blue Group Button, Blue Group Seek Button, Blue Group Track Button, Red Group Auto Mode, Red Group Button, Red Group Seek Button, Red Group Track Button
18:03:53, Demo3, 1, 4, 2, 8, 0,  $10,  , 700,200, 28.00, 100.00, 100.00, Not Tracking, 1, 4, B1 ,  , 152,251, 28.00, 100.00, 100.00, Not Tracking, 1, R1 ,  , HIGH,TRUE, N/A, N/A,0.0, 400,400, Undetected, Unintercepted, HIGH,HIGH, N/A, N/A,0.0, 200,400, Undetected, Unintercepted, LOW,HIGH, N/A, N/A,0.0, 151,202, Undetected, Unintercepted, LOW,HIGH, N/A, N/A,0.0, 100,401, Undetected, Unintercepted, , Blue, 700, 200, ACTIVE, 25.0, N/A, 0,$5, Blue, 690, 250, INACTIVE, 50.0, N/A, 0,$5, Blue, 710, 280, INACTIVE, 100.0, N/A, 0,$5, Blue, 720, 300, INACTIVE, 50.0, N/A, 0,$10, Blue, 750, 270, INACTIVE, 50.0, N/A, 0,$5, Red, 152, 251, ACTIVE, 100.0, N/A, 2,$5, Red, 140, 260, INACTIVE, 50.0, N/A, 0,$5, Red, 200, 300, INACTIVE, 100.0, N/A, 0,$5, Red, 180, 280, INACTIVE, 50.0, N/A, 0,$5, Red, 190, 200, INACTIVE, 50.0, N/A, 0,$5, 989, 607, 0, 0, 0, 0, 0, 0, 0, 0, 0, 0, 0, 0, 0, 0, 0, 0, 0, 0, 0
18:03:53, Demo3, 1, 4, 2, 8, 0,  $10,  , 700,200, 28.00, 100.00, 100.00, Not Tracking, 1, 4, B1 ,  , 152,251, 28.00, 100.00, 100.00, Not Tracking, 1, R1 ,  , HIGH,TRUE, N/A, N/A,0.0, 400,400, Undetected, Unintercepted, HIGH,HIGH, N/A, N/A,0.0, 200,400, Undetected, Unintercepted, LOW,HIGH, N/A, N/A,0.0, 152,204, Undetected, Unintercepted, LOW,HIGH, N/A, N/A,0.0, 100,401, Undetected, Unintercepted, , Blue, 700, 200, ACTIVE, 25.0, N/A, 0,$5, Blue, 690, 250, INACTIVE, 50.0, N/A, 0,$5, Blue, 710, 280, INACTIVE, 100.0, N/A, 0,$5, Blue, 720, 300, INACTIVE, 50.0, N/A, 0,$10, Blue, 750, 270, INACTIVE, 50.0, N/A, 0,$5, Red, 152, 251, ACTIVE, 100.0, N/A, 2,$5, Red, 140, 260, INACTIVE, 50.0, N/A, 0,$5, Red, 200, 300, INACTIVE, 100.0, N/A, 0,$5, Red, 180, 280, INACTIVE, 50.0, N/A, 0,$5, Red, 190, 200, INACTIVE, 50.0, N/A, 0,$5, 989, 607, 0, 0, 0, 0, 0, 0, 0, 0, 0, 0, 0, 0, 0, 0, 0, 0, 0, 0, 0
18:03:53, Demo3, 1, 4, 2, 8, 0,  $10,  , 700,200, 28.00, 100.00, 100.00, Not Tracking, 1, 4, B1 ,  , 156,254, 28.00, 100.00, 100.00, Not Tracking, 1, R1 ,  , HIGH,TRUE, N/A, N/A,0.0, 400,400, Undetected, Unintercepted, HIGH,HIGH, N/A, N/A,0.0, 200,400, Undetected, Unintercepted, LOW,HIGH, N/A, N/A,0.0, 152,204, Undetected, Unintercepted, LOW,HIGH, N/A, N/A,0.0, 98,400, Undetected, Unintercepted, , Blue, 700, 200, ACTIVE, 25.0, N/A, 0,$5, Blue, 690, 250, INACTIVE, 50.0, N/A, 0,$5, Blue, 710, 280, INACTIVE, 100.0, N/A, 0,$5, Blue, 720, 300, INACTIVE, 50.0, N/A, 0,$10, Blue, 750, 270, INACTIVE, 50.0, N/A, 0,$5, Red, 156, 254, ACTIVE, 100.0, T3, 2,$5, Red, 140, 260, INACTIVE, 50.0, N/A, 0,$5, Red, 200, 300, INACTIVE, 100.0, N/A, 0,$5, Red, 180, 280, INACTIVE, 50.0, N/A, 0,$5, Red, 190, 200, INACTIVE, 50.0, N/A, 0,$5, 989, 607, 0, 0, 0, 0, 0, 0, 0, 0, 0, 0, 0, 0, 0, 0, 0, 0, 0, 0, 0
18:03:53, Demo3, 1, 4, 2, 8, 0,  $10,  , 700,200, 28.00, 100.00, 100.00, Not Tracking, 1, 4, B1 ,  , 156,254, 28.00, 100.00, 100.00, Not Tracking, 1, R1 ,  , HIGH,TRUE, N/A, N/A,0.0, 400,401, Undetected, Unintercepted, HIGH,HIGH, N/A, N/A,0.0, 201,401, Undetected, Unintercepted, LOW,HIGH, N/A, N/A,0.0, 153,206, Undetected, Unintercepted, LOW,HIGH, N/A, N/A,0.0, 97,400, Undetected, Unintercepted, , Blue, 700, 200, ACTIVE, 25.0, N/A, 0,$5, Blue, 690, 250, INACTIVE, 50.0, N/A, 0,$5, Blue, 710, 280, INACTIVE, 100.0, N/A, 0,$5, Blue, 720, 300, INACTIVE, 50.0, N/A, 0,$10, Blue, 750, 270, INACTIVE, 50.0, N/A, 0,$5, Red, 156, 254, ACTIVE, 100.0, T3, 2,$5, Red, 140, 260, INACTIVE, 50.0, N/A, 0,$5, Red, 200, 300, INACTIVE, 100.0, N/A, 0,$5, Red, 180, 280, INACTIVE, 50.0, N/A, 0,$5, Red, 190, 200, INACTIVE, 50.0, N/A, 0,$5, 989, 607, 0, 0, 0, 0, 0, 0, 0, 0, 0, 0, 0, 0, 0, 0, 0, 0, 0, 0, 0
18:03:53, Demo3, 1, 4, 2, 8, 0,  $10,  , 701,201, 28.00, 100.00, 100.00, Not Tracking, 1, 4, B1 ,  , 160,257, 28.00, 100.00, 100.00, Not Tracking, 1, R1 ,  , HIGH,TRUE, N/A, N/A,0.0, 400,401, Undetected, Unintercepted, HIGH,HIGH, N/A, N/A,0.0, 201,401, Undetected, Unintercepted, LOW,HIGH, N/A, N/A,0.0, 153,206, Undetected, Unintercepted, LOW,HIGH, N/A, N/A,0.0, 97,400, Undetected, Unintercepted, , Blue, 701, 201, ACTIVE, 25.0, N/A, 0,$5, Blue, 690, 250, INACTIVE, 50.0, N/A, 0,$5, Blue, 710, 280, INACTIVE, 100.0, N/A, 0,$5, Blue, 720, 300, INACTIVE, 50.0, N/A, 0,$10, Blue, 750, 270, INACTIVE, 50.0, N/A, 0,$5, Red, 160, 257, ACTIVE, 100.0, T3, 2,$5, Red, 140, 260, INACTIVE, 50.0, N/A, 0,$5, Red, 200, 300, INACTIVE, 100.0, N/A, 0,$5, Red, 180, 280, INACTIVE, 50.0, N/A, 0,$5, Red, 190, 200, INACTIVE, 50.0, N/A, 0,$5, 989, 607, 0, 0, 0, 0, 0, 0, 0, 0, 0, 0, 0, 0, 0, 0, 0, 0, 0, 0, 0
18:03:53, Demo3, 1, 4, 2, 8, 0,  $10,  , 701,201, 28.00, 100.00, 100.00, Not Tracking, 1, 4, B1 ,  , 160,257, 28.00, 100.00, 100.00, Not Tracking, 1, R1 ,  , HIGH,TRUE, N/A, N/A,0.0, 399,401, Undetected, Unintercepted, HIGH,HIGH, N/A, N/A,0.0, 201,401, Undetected, Unintercepted, LOW,HIGH, N/A, N/A,0.0, 154,208, Undetected, Unintercepted, LOW,HIGH, N/A, N/A,0.0, 96,400, Undetected, Unintercepted, , Blue, 701, 201, ACTIVE, 25.0, N/A, 0,$5, Blue, 690, 250, INACTIVE, 50.0, N/A, 0,$5, Blue, 710, 280, INACTIVE, 100.0, N/A, 0,$5, Blue, 720, 300, INACTIVE, 50.0, N/A, 0,$10, Blue, 750, 270, INACTIVE, 50.0, N/A, 0,$5, Red, 160, 257, ACTIVE, 100.0, T3, 2,$5, Red, 140, 260, INACTIVE, 50.0, N/A, 0,$5, Red, 200, 300, INACTIVE, 100.0, N/A, 0,$5, Red, 180, 280, INACTIVE, 50.0, N/A, 0,$5, Red, 190, 200, INACTIVE, 50.0, N/A, 0,$5, 989, 607, 0, 0, 0, 0, 0, 0, 0, 0, 0, 0, 0, 0, 0, 0, 0, 0, 0, 0, 0
18:03:53, Demo3, 1, 4, 2, 8, 0,  $10,  , 703,203, 28.00, 100.00, 100.00, Not Tracking, 1, 4, B1 ,  , 165,261, 28.00, 100.00, 100.00, Not Tracking, 1, R1 ,  , HIGH,TRUE, N/A, N/A,0.0, 399,401, Undetected, Unintercepted, HIGH,HIGH, N/A, N/A,0.0, 201,401, Undetected, Unintercepted, LOW,HIGH, N/A, N/A,0.0, 154,208, Undetected, Unintercepted, LOW,HIGH, N/A, N/A,0.0, 96,400, Undetected, Unintercepted, , Blue, 703, 203, ACTIVE, 25.0, N/A, 0,$5, Blue, 690, 250, INACTIVE, 50.0, N/A, 0,$5, Blue, 710, 280, INACTIVE, 100.0, N/A, 0,$5, Blue, 720, 300, INACTIVE, 50.0, N/A, 0,$10, Blue, 750, 270, INACTIVE, 50.0, N/A, 0,$5, Red, 165, 261, ACTIVE, 100.0, T3, 2,$5, Red, 140, 260, INACTIVE, 50.0, N/A, 0,$5, Red, 200, 300, INACTIVE, 100.0, N/A, 0,$5, Red, 180, 280, INACTIVE, 50.0, N/A, 0,$5, Red, 190, 200, INACTIVE, 50.0, N/A, 0,$5, 989, 607, 0, 0, 0, 0, 0, 0, 0, 0, 0, 0, 0, 0, 0, 0, 0, 0, 0, 0, 0
18:03:54, Demo3, 1, 4, 2, 8, 0,  $10,  , 703,203, 28.00, 100.00, 100.00, Not Tracking, 1, 4, B1 ,  , 165,261, 28.00, 100.00, 100.00, Not Tracking, 1, R1 ,  , HIGH,TRUE, N/A, N/A,0.0, 399,402, Undetected, Unintercepted, HIGH,HIGH, N/A, N/A,0.0, 202,402, Undetected, Unintercepted, LOW,HIGH, N/A, N/A,0.0, 156,211, Undetected, Unintercepted, LOW,HIGH, N/A, N/A,0.0, 96,401, Undetected, Unintercepted, , Blue, 703, 203, ACTIVE, 25.0, N/A, 0,$5, Blue, 690, 250, INACTIVE, 50.0, N/A, 0,$5, Blue, 710, 280, INACTIVE, 100.0, N/A, 0,$5, Blue, 720, 300, INACTIVE, 50.0, N/A, 0,$10, Blue, 750, 270, INACTIVE, 50.0, N/A, 0,$5, Red, 165, 261, ACTIVE, 100.0, T3, 2,$5, Red, 140, 260, INACTIVE, 50.0, N/A, 0,$5, Red, 200, 300, INACTIVE, 100.0, N/A, 0,$5, Red, 180, 280, INACTIVE, 50.0, N/A, 0,$5, Red, 190, 200, INACTIVE, 50.0, N/A, 0,$5, 989, 607, 0, 0, 0, 0, 0, 0, 0, 0, 0, 0, 0, 0, 0, 0, 0, 0, 0, 0, 0
18:03:54, Demo3, 1, 4, 2, 8, 0,  $10,  , 705,205, 28.00, 100.00, 100.00, Not Tracking, 1, 4, B1 ,  , 170,265, 28.00, 100.00, 100.00, Not Tracking, 1, R1 ,  , HIGH,TRUE, N/A, N/A,0.0, 399,402, Undetected, Unintercepted, HIGH,HIGH, N/A, N/A,0.0, 202,402, Undetected, Unintercepted, LOW,HIGH, N/A, N/A,0.0, 156,211, Undetected, Unintercepted, LOW,HIGH, N/A, N/A,0.0, 96,401, Undetected, Unintercepted, , Blue, 705, 205, ACTIVE, 25.0, N/A, 0,$5, Blue, 690, 250, INACTIVE, 50.0, N/A, 0,$5, Blue, 710, 280, INACTIVE, 100.0, N/A, 0,$5, Blue, 720, 300, INACTIVE, 50.0, N/A, 0,$10, Blue, 750, 270, INACTIVE, 50.0, N/A, 0,$5, Red, 170, 265, ACTIVE, 100.0, T3, 2,$5, Red, 140, 260, INACTIVE, 50.0, N/A, 0,$5, Red, 200, 300, INACTIVE, 100.0, N/A, 0,$5, Red, 180, 280, INACTIVE, 50.0, N/A, 0,$5, Red, 190, 200, INACTIVE, 50.0, N/A, 0,$5, 989, 607, 0, 0, 0, 0, 0, 0, 0, 0, 0, 0, 0, 0, 0, 0, 0, 0, 0, 0, 0
18:03:54, Demo3, 1, 4, 2, 8, 0,  $10,  , 705,205, 28.00, 100.00, 100.00, Not Tracking, 1, 4, B1 ,  , 173,267, 28.00, 100.00, 100.00, Not Tracking, 1, R1 ,  , HIGH,TRUE, N/A, N/A,0.0, 399,403, Undetected, Unintercepted, HIGH,HIGH, N/A, N/A,0.0, 202,402, Undetected, Unintercepted, LOW,HIGH, N/A, N/A,0.0, 157,213, Undetected, Unintercepted, LOW,HIGH, N/A, N/A,0.0, 94,400, Undetected, Unintercepted, , Blue, 706, 206, ACTIVE, 25.0, N/A, 0,$5, Blue, 690, 250, INACTIVE, 50.0, N/A, 0,$5, Blue, 710, 280, INACTIVE, 100.0, N/A, 0,$5, Blue, 720, 300, INACTIVE, 50.0, N/A, 0,$10, Blue, 750, 270, INACTIVE, 50.0, N/A, 0,$5, Red, 173, 267, ACTIVE, 100.0, T3, 2,$5, Red, 140, 260, INACTIVE, 50.0, N/A, 0,$5, Red, 200, 300, INACTIVE, 100.0, N/A, 0,$5, Red, 180, 280, INACTIVE, 50.0, N/A, 0,$5, Red, 190, 200, INACTIVE, 50.0, N/A, 0,$5, 989, 607, 0, 0, 0, 0, 0, 0, 0, 0, 0, 0, 0, 0, 0, 0, 0, 0, 0, 0, 0
18:03:54, Demo3, 1, 4, 2, 8, 0,  $10,  , 706,206, 28.00, 100.00, 100.00, Not Tracking, 1, 4, B1 ,  , 173,267, 28.00, 100.00, 100.00, Not Tracking, 1, R1 ,  , HIGH,TRUE, N/A, N/A,0.0, 399,403, Undetected, Unintercepted, HIGH,HIGH, N/A, N/A,0.0, 202,402, Undetected, Unintercepted, LOW,HIGH, N/A, N/A,0.0, 157,213, Undetected, Unintercepted, LOW,HIGH, N/A, N/A,0.0, 94,400, Undetected, Unintercepted, , Blue, 706, 206, ACTIVE, 25.0, N/A, 0,$5, Blue, 690, 250, INACTIVE, 50.0, N/A, 0,$5, Blue, 710, 280, INACTIVE, 100.0, N/A, 0,$5, Blue, 720, 300, INACTIVE, 50.0, N/A, 0,$10, Blue, 750, 270, INACTIVE, 50.0, N/A, 0,$5, Red, 173, 267, ACTIVE, 100.0, T3, 2,$5, Red, 140, 260, INACTIVE, 50.0, N/A, 0,$5, Red, 200, 300, INACTIVE, 100.0, N/A, 0,$5, Red, 180, 280, INACTIVE, 50.0, N/A, 0,$5, Red, 190, 200, INACTIVE, 50.0, N/A, 0,$5, 989, 607, 0, 0, 0, 0, 0, 0, 0, 0, 0, 0, 0, 0, 0, 0, 0, 0, 0, 0, 0
18:03:54, Demo3, 1, 4, 2, 8, 0,  $10,  , 706,206, 28.00, 100.00, 100.00, Not Tracking, 1, 4, B1 ,  , 177,270, 28.00, 100.00, 100.00, Not Tracking, 1, R1 ,  , HIGH,TRUE, N/A, N/A,0.0, 399,404, Undetected, Unintercepted, HIGH,HIGH, N/A, N/A,0.0, 203,403, Undetected, Unintercepted, LOW,HIGH, N/A, N/A,0.0, 158,215, Undetected, Unintercepted, LOW,HIGH, N/A, N/A,0.0, 92,399, Undetected, Unintercepted, , Blue, 706, 206, ACTIVE, 25.0, N/A, 0,$5, Blue, 690, 250, INACTIVE, 50.0, N/A, 0,$5, Blue, 710, 280, INACTIVE, 100.0, N/A, 0,$5, Blue, 720, 300, INACTIVE, 50.0, N/A, 0,$10, Blue, 750, 270, INACTIVE, 50.0, N/A, 0,$5, Red, 177, 270, ACTIVE, 100.0, T3, 2,$5, Red, 140, 260, INACTIVE, 50.0, N/A, 0,$5, Red, 200, 300, INACTIVE, 100.0, N/A, 0,$5, Red, 180, 280, INACTIVE, 50.0, N/A, 0,$5, Red, 190, 200, INACTIVE, 50.0, N/A, 0,$5, 996, 607, 0, 0, 0, 0, 0, 0, 0, 0, 0, 0, 0, 0, 0, 0, 0, 0, 0, 0, 0
18:03:54, Demo3, 1, 4, 2, 8, 0,  $10,  , 706,206, 28.00, 100.00, 100.00, Not Tracking, 1, 4, B1 ,  , 177,270, 28.00, 100.00, 100.00, Not Tracking, 1, R1 ,  , HIGH,TRUE, N/A, N/A,0.0, 399,404, Undetected, Unintercepted, HIGH,HIGH, N/A, N/A,0.0, 203,403, Undetected, Unintercepted, LOW,HIGH, N/A, N/A,0.0, 158,215, Undetected, Unintercepted, LOW,HIGH, N/A, N/A,0.0, 92,399, Undetected, Unintercepted, , Blue, 706, 206, ACTIVE, 25.0, N/A, 0,$5, Blue, 690, 250, INACTIVE, 50.0, N/A, 0,$5, Blue, 710, 280, INACTIVE, 100.0, N/A, 0,$5, Blue, 720, 300, INACTIVE, 50.0, N/A, 0,$10, Blue, 750, 270, INACTIVE, 50.0, N/A, 0,$5, Red, 177, 270, ACTIVE, 100.0, T3, 2,$5, Red, 140, 260, INACTIVE, 50.0, N/A, 0,$5, Red, 200, 300, INACTIVE, 100.0, N/A, 0,$5, Red, 180, 280, INACTIVE, 50.0, N/A, 0,$5, Red, 190, 200, INACTIVE, 50.0, N/A, 0,$5, 1205, 643, 0, 0, 0, 0, 0, 0, 0, 0, 0, 0, 0, 0, 0, 0, 0, 0, 0, 0, 0
18:03:54, Demo3, 1, 4, 2, 8, 0,  $10,  , 708,208, 28.00, 100.00, 100.00, Not Tracking, 1, 4, B1 ,  , 181,273, 28.00, 100.00, 100.00, Not Tracking, 1, R1 ,  , HIGH,TRUE, N/A, N/A,0.0, 399,405, Undetected, Unintercepted, HIGH,HIGH, N/A, N/A,0.0, 203,403, Undetected, Unintercepted, LOW,HIGH, N/A, N/A,0.0, 159,217, Undetected, Unintercepted, LOW,HIGH, N/A, N/A,0.0, 91,399, Undetected, Unintercepted, , Blue, 708, 208, ACTIVE, 25.0, N/A, 0,$5, Blue, 690, 250, INACTIVE, 50.0, N/A, 0,$5, Blue, 710, 280, INACTIVE, 100.0, N/A, 0,$5, Blue, 720, 300, INACTIVE, 50.0, N/A, 0,$10, Blue, 750, 270, INACTIVE, 50.0, N/A, 0,$5, Red, 181, 273, ACTIVE, 100.0, T3, 2,$5, Red, 140, 260, INACTIVE, 50.0, N/A, 0,$5, Red, 200, 300, INACTIVE, 100.0, N/A, 0,$5, Red, 180, 280, INACTIVE, 50.0, N/A, 0,$5, Red, 190, 200, INACTIVE, 50.0, N/A, 0,$5, 1319, 658, 0, 0, 0, 0, 0, 0, 0, 0, 0, 0, 0, 0, 0, 0, 0, 0, 0, 0, 0
18:03:54, Demo3, 1, 4, 2, 8, 0,  $10,  , 708,208, 28.00, 100.00, 100.00, Not Tracking, 1, 4, B1 ,  , 181,273, 28.00, 100.00, 100.00, Not Tracking, 1, R1 ,  , HIGH,TRUE, N/A, N/A,0.0, 398,405, Undetected, Unintercepted, HIGH,HIGH, N/A, N/A,0.0, 204,403, Undetected, Unintercepted, LOW,HIGH, N/A, N/A,0.0, 160,219, Undetected, Unintercepted, LOW,HIGH, N/A, N/A,0.0, 91,399, Undetected, Unintercepted, , Blue, 708, 208, ACTIVE, 25.0, N/A, 0,$5, Blue, 690, 250, INACTIVE, 50.0, N/A, 0,$5, Blue, 710, 280, INACTIVE, 100.0, N/A, 0,$5, Blue, 720, 300, INACTIVE, 50.0, N/A, 0,$10, Blue, 750, 270, INACTIVE, 50.0, N/A, 0,$5, Red, 181, 273, ACTIVE, 100.0, T3, 2,$5, Red, 140, 260, INACTIVE, 50.0, N/A, 0,$5, Red, 200, 300, INACTIVE, 100.0, N/A, 0,$5, Red, 180, 280, INACTIVE, 50.0, N/A, 0,$5, Red, 190, 200, INACTIVE, 50.0, N/A, 0,$5, 1433, 549, 0, 0, 0, 0, 0, 0, 0, 0, 0, 0, 0, 0, 0, 0, 0, 0, 0, 0, 0
18:03:54, Demo3, 1, 4, 2, 8, 0,  $10,  , 710,210, 28.00, 100.00, 100.00, Not Tracking, 1, 4, B1 ,  , 186,277, 28.00, 100.00, 100.00, Not Tracking, 1, R1 ,  , HIGH,TRUE, N/A, N/A,0.0, 398,405, Undetected, Unintercepted, HIGH,HIGH, N/A, N/A,0.0, 204,403, Undetected, Unintercepted, LOW,HIGH, N/A, N/A,0.0, 160,219, Undetected, Unintercepted, LOW,HIGH, N/A, N/A,0.0, 89,398, Undetected, Unintercepted, , Blue, 710, 210, ACTIVE, 25.0, N/A, 0,$5, Blue, 690, 250, INACTIVE, 50.0, N/A, 0,$5, Blue, 710, 280, INACTIVE, 100.0, N/A, 0,$5, Blue, 720, 300, INACTIVE, 50.0, N/A, 0,$10, Blue, 750, 270, INACTIVE, 50.0, N/A, 0,$5, Red, 186, 277, ACTIVE, 100.0, T3, 2,$5, Red, 140, 260, INACTIVE, 50.0, N/A, 0,$5, Red, 200, 300, INACTIVE, 100.0, N/A, 0,$5, Red, 180, 280, INACTIVE, 50.0, N/A, 0,$5, Red, 190, 200, INACTIVE, 50.0, N/A, 0,$5, 1486, 480, 0, 0, 0, 0, 0, 0, 0, 0, 0, 0, 0, 0, 0, 0, 0, 0, 0, 0, 0
18:03:55, Demo3, 1, 4, 2, 8, 0,  $10,  , 710,210, 28.00, 100.00, 100.00, Not Tracking, 1, 4, B1 ,  , 186,277, 28.00, 100.00, 100.00, Not Tracking, 1, R1 ,  , HIGH,TRUE, N/A, N/A,0.0, 398,406, Undetected, Unintercepted, HIGH,HIGH, N/A, N/A,0.0, 205,404, Undetected, Unintercepted, LOW,HIGH, N/A, N/A,0.0, 161,221, Undetected, Unintercepted, LOW,HIGH, N/A, N/A,0.0, 88,398, Undetected, Unintercepted, , Blue, 710, 210, ACTIVE, 25.0, N/A, 0,$5, Blue, 690, 250, INACTIVE, 50.0, N/A, 0,$5, Blue, 710, 280, INACTIVE, 100.0, N/A, 0,$5, Blue, 720, 300, INACTIVE, 50.0, N/A, 0,$10, Blue, 750, 270, INACTIVE, 50.0, N/A, 0,$5, Red, 186, 277, ACTIVE, 100.0, T3, 2,$5, Red, 140, 260, INACTIVE, 50.0, N/A, 0,$5, Red, 200, 300, INACTIVE, 100.0, N/A, 0,$5, Red, 180, 280, INACTIVE, 50.0, N/A, 0,$5, Red, 190, 200, INACTIVE, 50.0, N/A, 0,$5, 1499, 457, 0, 0, 0, 0, 0, 0, 0, 0, 0, 0, 0, 0, 0, 0, 0, 0, 0, 0, 0
18:03:55, Demo3, 1, 4, 2, 8, 0,  $10,  , 711,211, 28.00, 100.00, 100.00, Not Tracking, 1, 4, B1 ,  , 190,280, 28.00, 100.00, 100.00, Not Tracking, 1, R1 ,  , HIGH,TRUE, N/A, N/A,0.0, 398,406, Undetected, Unintercepted, HIGH,HIGH, N/A, N/A,0.0, 205,404, Undetected, Unintercepted, LOW,HIGH, N/A, N/A,0.0, 161,221, Undetected, Unintercepted, LOW,HIGH, N/A, N/A,0.0, 88,398, Undetected, Unintercepted, , Blue, 711, 211, ACTIVE, 25.0, N/A, 0,$5, Blue, 690, 250, INACTIVE, 50.0, N/A, 0,$5, Blue, 710, 280, INACTIVE, 100.0, N/A, 0,$5, Blue, 720, 300, INACTIVE, 50.0, N/A, 0,$10, Blue, 750, 270, INACTIVE, 50.0, N/A, 0,$5, Red, 190, 280, ACTIVE, 100.0, T3, 2,$5, Red, 140, 260, INACTIVE, 50.0, N/A, 0,$5, Red, 200, 300, INACTIVE, 100.0, N/A, 0,$5, Red, 180, 280, INACTIVE, 50.0, N/A, 0,$5, Red, 190, 200, INACTIVE, 50.0, N/A, 0,$5, 1514, 405, 0, 0, 0, 0, 0, 0, 0, 0, 0, 0, 0, 0, 0, 0, 0, 0, 0, 0, 0
18:03:55, Demo3, 1, 4, 2, 8, 0,  $10,  , 711,211, 28.00, 100.00, 100.00, Not Tracking, 1, 4, B1 ,  , 190,280, 28.00, 100.00, 100.00, Not Tracking, 1, R1 ,  , HIGH,TRUE, N/A, N/A,0.0, 396,405, Undetected, Unintercepted, HIGH,HIGH, N/A, N/A,0.0, 204,403, Undetected, Unintercepted, LOW,HIGH, N/A, N/A,0.0, 162,223, Undetected, Unintercepted, LOW,HIGH, N/A, N/A,0.0, 86,397, Undetected, Unintercepted, , Blue, 711, 211, ACTIVE, 25.0, N/A, 0,$5, Blue, 690, 250, INACTIVE, 50.0, N/A, 0,$5, Blue, 710, 280, INACTIVE, 100.0, N/A, 0,$5, Blue, 720, 300, INACTIVE, 50.0, N/A, 0,$10, Blue, 750, 270, INACTIVE, 50.0, N/A, 0,$5, Red, 190, 280, ACTIVE, 100.0, T3, 2,$5, Red, 140, 260, INACTIVE, 50.0, N/A, 0,$5, Red, 200, 300, INACTIVE, 100.0, N/A, 0,$5, Red, 180, 280, INACTIVE, 50.0, N/A, 0,$5, Red, 190, 200, INACTIVE, 50.0, N/A, 0,$5, 1492, 401, 0, 0, 0, 0, 0, 0, 0, 0, 0, 0, 0, 0, 0, 0, 0, 0, 0, 0, 0
18:03:55, Demo3, 1, 4, 2, 8, 0,  $10,  , 712,212, 28.00, 100.00, 100.00, Not Tracking, 1, 4, B1 ,  , 190,282, 28.00, 100.00, 100.00, Not Tracking, 1, R1 ,  , HIGH,TRUE, N/A, N/A,0.0, 396,405, Undetected, Unintercepted, HIGH,HIGH, N/A, N/A,0.0, 204,403, Undetected, Unintercepted, LOW,HIGH, N/A, N/A,0.0, 162,223, Undetected, Unintercepted, LOW,HIGH, N/A, N/A,0.0, 86,397, Undetected, Unintercepted, , Blue, 712, 212, ACTIVE, 25.0, N/A, 0,$5, Blue, 690, 250, INACTIVE, 50.0, N/A, 0,$5, Blue, 710, 280, INACTIVE, 100.0, N/A, 0,$5, Blue, 720, 300, INACTIVE, 50.0, N/A, 0,$10, Blue, 750, 270, INACTIVE, 50.0, N/A, 0,$5, Red, 190, 282, ACTIVE, 100.0, T3, 2,$5, Red, 140, 260, INACTIVE, 50.0, N/A, 0,$5, Red, 200, 300, INACTIVE, 100.0, N/A, 0,$5, Red, 180, 280, INACTIVE, 50.0, N/A, 0,$5, Red, 190, 200, INACTIVE, 50.0, N/A, 0,$5, 1454, 455, 0, 0, 0, 0, 0, 0, 0, 0, 0, 0, 0, 0, 0, 0, 0, 0, 0, 0, 0
18:03:55, Demo3, 1, 4, 2, 8, 0,  $10,  , 712,212, 28.00, 100.00, 100.00, Not Tracking, 1, 4, B1 ,  , 190,282, 28.00, 100.00, 100.00, Not Tracking, 1, R1 ,  , HIGH,TRUE, N/A, N/A,0.0, 396,406, Undetected, Unintercepted, HIGH,HIGH, N/A, N/A,0.0, 205,404, Undetected, Unintercepted, LOW,HIGH, N/A, N/A,0.0, 163,225, Undetected, Unintercepted, LOW,HIGH, N/A, N/A,0.0, 85,397, Undetected, Unintercepted, , Blue, 712, 212, ACTIVE, 25.0, N/A, 0,$5, Blue, 690, 250, INACTIVE, 50.0, N/A, 0,$5, Blue, 710, 280, INACTIVE, 100.0, N/A, 0,$5, Blue, 720, 300, INACTIVE, 50.0, N/A, 0,$10, Blue, 750, 270, INACTIVE, 50.0, N/A, 0,$5, Red, 190, 282, ACTIVE, 100.0, T3, 2,$5, Red, 140, 260, INACTIVE, 50.0, N/A, 0,$5, Red, 200, 300, INACTIVE, 100.0, N/A, 0,$5, Red, 180, 280, INACTIVE, 50.0, N/A, 0,$5, Red, 190, 200, INACTIVE, 50.0, N/A, 0,$5, 1484, 626, 0, 0, 0, 0, 0, 0, 0, 0, 0, 0, 0, 0, 0, 0, 0, 0, 0, 0, 0
18:03:55, Demo3, 1, 4, 2, 8, 0,  $10,  , 712,212, 28.00, 100.00, 100.00, Not Tracking, 1, 4, B1 ,  , 188,279, 28.00, 100.00, 100.00, Not Tracking, 1, R1 ,  , HIGH,TRUE, N/A, N/A,0.0, 396,406, Undetected, Unintercepted, HIGH,HIGH, N/A, N/A,0.0, 205,404, Undetected, Unintercepted, LOW,HIGH, N/A, N/A,0.0, 163,225, Undetected, Unintercepted, LOW,HIGH, N/A, N/A,0.0, 85,397, Undetected, Unintercepted, , Blue, 712, 212, ACTIVE, 25.0, N/A, 0,$5, Blue, 690, 250, INACTIVE, 50.0, N/A, 0,$5, Blue, 710, 280, INACTIVE, 100.0, N/A, 0,$5, Blue, 720, 300, INACTIVE, 50.0, N/A, 0,$10, Blue, 750, 270, INACTIVE, 50.0, N/A, 0,$5, Red, 188, 279, ACTIVE, 100.0, T3, 2,$5, Red, 140, 260, INACTIVE, 50.0, N/A, 0,$5, Red, 200, 300, INACTIVE, 100.0, N/A, 0,$5, Red, 180, 280, INACTIVE, 50.0, N/A, 0,$5, Red, 190, 200, INACTIVE, 50.0, N/A, 0,$5, 1524, 688, 0, 0, 0, 0, 0, 0, 0, 0, 0, 0, 0, 0, 0, 0, 0, 0, 0, 0, 0
18:03:55, Demo3, 1, 4, 2, 8, 0,  $10,  , 713,213, 28.00, 100.00, 100.00, Not Tracking, 1, 4, B1 ,  , 185,278, 28.00, 100.00, 100.00, Not Tracking, 1, R1 ,  , HIGH,TRUE, N/A, N/A,0.0, 395,406, Undetected, Unintercepted, HIGH,HIGH, N/A, N/A,0.0, 205,404, Undetected, Unintercepted, LOW,HIGH, N/A, N/A,0.0, 164,227, Undetected, Unintercepted, LOW,HIGH, N/A, N/A,0.0, 84,397, Undetected, Unintercepted, , Blue, 713, 213, ACTIVE, 25.0, N/A, 0,$5, Blue, 690, 250, INACTIVE, 50.0, N/A, 0,$5, Blue, 710, 280, INACTIVE, 100.0, N/A, 0,$5, Blue, 720, 300, INACTIVE, 50.0, N/A, 0,$10, Blue, 750, 270, INACTIVE, 50.0, N/A, 0,$5, Red, 185, 278, ACTIVE, 100.0, T3, 2,$5, Red, 140, 260, INACTIVE, 50.0, N/A, 0,$5, Red, 200, 300, INACTIVE, 100.0, N/A, 0,$5, Red, 180, 280, INACTIVE, 50.0, N/A, 0,$5, Red, 190, 200, INACTIVE, 50.0, N/A, 0,$5, 1523, 686, 0, 0, 0, 0, 0, 0, 0, 0, 0, 0, 0, 0, 0, 0, 0, 0, 0, 0, 0
18:03:55, Demo3, 1, 4, 2, 8, 0,  $10,  , 713,213, 28.00, 100.00, 100.00, Not Tracking, 1, 4, B1 ,  , 185,278, 28.00, 100.00, 100.00, Not Tracking, 1, R1 ,  , HIGH,TRUE, N/A, N/A,0.0, 395,406, Undetected, Unintercepted, HIGH,HIGH, N/A, N/A,0.0, 205,404, Undetected, Unintercepted, LOW,HIGH, N/A, N/A,0.0, 164,227, Undetected, Unintercepted, LOW,HIGH, N/A, N/A,0.0, 84,397, Undetected, Unintercepted, , Blue, 713, 213, ACTIVE, 25.0, N/A, 0,$5, Blue, 690, 250, INACTIVE, 50.0, N/A, 0,$5, Blue, 710, 280, INACTIVE, 100.0, N/A, 0,$5, Blue, 720, 300, INACTIVE, 50.0, N/A, 0,$10, Blue, 750, 270, INACTIVE, 50.0, N/A, 0,$5, Red, 185, 278, ACTIVE, 100.0, T3, 2,$5, Red, 140, 260, INACTIVE, 50.0, N/A, 0,$5, Red, 200, 300, INACTIVE, 100.0, N/A, 0,$5, Red, 180, 280, INACTIVE, 50.0, N/A, 0,$5, Red, 190, 200, INACTIVE, 50.0, N/A, 0,$5, 1486, 685, 0, 0, 0, 0, 0, 0, 0, 0, 0, 0, 0, 0, 0, 0, 0, 0, 0, 0, 0
18:03:55, Demo3, 1, 4, 2, 8, 0,  $10,  , 713,213, 28.00, 100.00, 100.00, Not Tracking, 1, 4, B1 ,  , 183,278, 28.00, 100.00, 100.00, Not Tracking, 1, R1 ,  , HIGH,TRUE, N/A, N/A,0.0, 395,407, Undetected, Unintercepted, HIGH,HIGH, N/A, N/A,0.0, 206,405, Undetected, Unintercepted, LOW,HIGH, N/A, N/A,0.0, 165,229, Undetected, Unintercepted, LOW,HIGH, N/A, N/A,0.0, 83,397, Undetected, Unintercepted, , Blue, 713, 213, ACTIVE, 25.0, N/A, 0,$5, Blue, 690, 250, INACTIVE, 50.0, N/A, 0,$5, Blue, 710, 280, INACTIVE, 100.0, N/A, 0,$5, Blue, 720, 300, INACTIVE, 50.0, N/A, 0,$10, Blue, 750, 270, INACTIVE, 50.0, N/A, 0,$5, Red, 183, 278, ACTIVE, 100.0, T3, 2,$5, Red, 140, 260, INACTIVE, 50.0, N/A, 0,$5, Red, 200, 300, INACTIVE, 100.0, N/A, 0,$5, Red, 180, 280, INACTIVE, 50.0, N/A, 0,$5, Red, 190, 200, INACTIVE, 50.0, N/A, 0,$5, 1468, 684, 0, 0, 0, 0, 0, 0, 0, 0, 0, 0, 0, 0, 0, 0, 0, 0, 0, 0, 0
18:03:56, Demo3, 1, 4, 2, 8, 0,  $10,  , 713,213, 28.00, 100.00, 100.00, Not Tracking, 1, 4, B1 ,  , 183,278, 28.00, 100.00, 100.00, Not Tracking, 1, R1 ,  , HIGH,TRUE, N/A, N/A,0.0, 395,407, Undetected, Unintercepted, HIGH,HIGH, N/A, N/A,0.0, 206,405, Undetected, Unintercepted, LOW,HIGH, N/A, N/A,0.0, 165,229, Undetected, Unintercepted, LOW,HIGH, N/A, N/A,0.0, 83,397, Undetected, Unintercepted, , Blue, 713, 213, ACTIVE, 25.0, N/A, 0,$5, Blue, 690, 250, INACTIVE, 50.0, N/A, 0,$5, Blue, 710, 280, INACTIVE, 100.0, N/A, 0,$5, Blue, 720, 300, INACTIVE, 50.0, N/A, 0,$10, Blue, 750, 270, INACTIVE, 50.0, N/A, 0,$5, Red, 183, 278, ACTIVE, 100.0, T3, 2,$5, Red, 140, 260, INACTIVE, 50.0, N/A, 0,$5, Red, 200, 300, INACTIVE, 100.0, N/A, 0,$5, Red, 180, 280, INACTIVE, 50.0, N/A, 0,$5, Red, 190, 200, INACTIVE, 50.0, N/A, 0,$5, 1461, 680, 0, 0, 0, 0, 0, 0, 0, 0, 0, 0, 0, 0, 0, 0, 0, 0, 0, 0, 0
18:03:56, Demo3, 1, 4, 2, 8, 0,  $10,  , 712,212, 28.00, 100.00, 100.00, Not Tracking, 1, 4, B1 ,  , 180,277, 28.00, 100.00, 100.00, Not Tracking, 1, R1 ,  , HIGH,TRUE, N/A, N/A,0.0, 394,407, Undetected, Unintercepted, HIGH,HIGH, N/A, N/A,0.0, 207,406, Undetected, Unintercepted, LOW,HIGH, N/A, N/A,0.0, 166,231, Undetected, Unintercepted, LOW,HIGH, N/A, N/A,0.0, 81,396, Undetected, Unintercepted, , Blue, 712, 212, ACTIVE, 25.0, N/A, 0,$5, Blue, 690, 250, INACTIVE, 50.0, N/A, 0,$5, Blue, 710, 280, INACTIVE, 100.0, N/A, 0,$5, Blue, 720, 300, INACTIVE, 50.0, N/A, 0,$10, Blue, 750, 270, INACTIVE, 50.0, N/A, 0,$5, Red, 180, 277, ACTIVE, 100.0, T3, 2,$5, Red, 140, 260, INACTIVE, 50.0, N/A, 0,$5, Red, 200, 300, INACTIVE, 100.0, N/A, 0,$5, Red, 180, 280, INACTIVE, 50.0, N/A, 0,$5, Red, 190, 200, INACTIVE, 50.0, N/A, 0,$5, 1461, 680, 0, 0, 0, 0, 0, 0, 0, 0, 0, 0, 0, 0, 0, 0, 0, 0, 0, 0, 0
18:03:56, Demo3, 1, 4, 2, 8, 0,  $10,  , 712,212, 28.00, 100.00, 100.00, Not Tracking, 1, 4, B1 ,  , 180,277, 28.00, 100.00, 100.00, Not Tracking, 1, R1 ,  , HIGH,TRUE, N/A, N/A,0.0, 394,408, Undetected, Unintercepted, HIGH,HIGH, N/A, N/A,0.0, 208,407, Undetected, Unintercepted, LOW,HIGH, N/A, N/A,0.0, 167,233, Undetected, Unintercepted, LOW,HIGH, N/A, N/A,0.0, 81,396, Undetected, Unintercepted, , Blue, 712, 212, ACTIVE, 25.0, N/A, 0,$5, Blue, 690, 250, INACTIVE, 50.0, N/A, 0,$5, Blue, 710, 280, INACTIVE, 100.0, N/A, 0,$5, Blue, 720, 300, INACTIVE, 50.0, N/A, 0,$10, Blue, 750, 270, INACTIVE, 50.0, N/A, 0,$5, Red, 180, 277, ACTIVE, 100.0, T3, 2,$5, Red, 140, 260, INACTIVE, 50.0, N/A, 0,$5, Red, 200, 300, INACTIVE, 100.0, N/A, 0,$5, Red, 180, 280, INACTIVE, 50.0, N/A, 0,$5, Red, 190, 200, INACTIVE, 50.0, N/A, 0,$5, 1461, 680, 0, 1, 0, 0, 0, 0, 0, 0, 0, 0, 0, 0, 0, 0, 0, 0, 0, 0, 0
18:03:56, Demo3, 1, 4, 2, 8, 0,  $10,  , 712,212, 28.00, 100.00, 100.00, Not Tracking, 1, 4, B1 ,  , 177,276, 28.00, 100.00, 100.00, Not Tracking, 1, R1 ,  , HIGH,TRUE, N/A, N/A,0.0, 394,408, Undetected, Unintercepted, HIGH,HIGH, N/A, N/A,0.0, 208,407, Undetected, Unintercepted, LOW,HIGH, N/A, N/A,0.0, 167,233, Undetected, Unintercepted, LOW,HIGH, N/A, N/A,0.0, 79,395, Undetected, Unintercepted, , Blue, 712, 212, ACTIVE, 25.0, N/A, 0,$5, Blue, 690, 250, INACTIVE, 50.0, N/A, 0,$5, Blue, 710, 280, INACTIVE, 100.0, N/A, 0,$5, Blue, 720, 300, INACTIVE, 50.0, N/A, 0,$10, Blue, 750, 270, INACTIVE, 50.0, N/A, 0,$5, Red, 177, 276, ACTIVE, 100.0, T3, 2,$5, Red, 140, 260, INACTIVE, 50.0, N/A, 0,$5, Red, 200, 300, INACTIVE, 100.0, N/A, 0,$5, Red, 180, 280, INACTIVE, 50.0, N/A, 0,$5, Red, 190, 200, INACTIVE, 50.0, N/A, 0,$5, 1461, 680, 0, 1, 0, 0, 0, 0, 0, 0, 0, 0, 0, 0, 0, 0, 0, 0, 0, 0, 0
18:03:56, Demo3, 1, 4, 2, 8, 0,  $10,  , 712,212, 28.00, 100.00, 100.00, Not Tracking, 1, 4, B1 ,  , 177,276, 28.00, 100.00, 100.00, Not Tracking, 1, R1 ,  , HIGH,TRUE, N/A, N/A,0.0, 394,409, Undetected, Unintercepted, HIGH,HIGH, N/A, N/A,0.0, 209,408, Undetected, Unintercepted, LOW,HIGH, N/A, N/A,0.0, 168,235, Undetected, Unintercepted, LOW,HIGH, N/A, N/A,0.0, 78,395, Undetected, Unintercepted, , Blue, 712, 212, ACTIVE, 25.0, N/A, 0,$5, Blue, 690, 250, INACTIVE, 50.0, N/A, 0,$5, Blue, 710, 280, INACTIVE, 100.0, N/A, 0,$5, Blue, 720, 300, INACTIVE, 50.0, N/A, 0,$10, Blue, 750, 270, INACTIVE, 50.0, N/A, 0,$5, Red, 177, 276, ACTIVE, 100.0, T3, 2,$5, Red, 140, 260, INACTIVE, 50.0, N/A, 0,$5, Red, 200, 300, INACTIVE, 100.0, N/A, 0,$5, Red, 180, 280, INACTIVE, 50.0, N/A, 0,$5, Red, 190, 200, INACTIVE, 50.0, N/A, 0,$5, 1461, 680, 0, 1, 0, 0, 0, 0, 0, 0, 0, 0, 0, 0, 0, 0, 0, 0, 0, 0, 0
18:03:56, Demo3, 1, 4, 2, 8, 0,  $10,  , 711,211, 28.00, 100.00, 100.00, Not Tracking, 1, 4, B1 ,  , 174,275, 28.00, 100.00, 100.00, Not Tracking, 1, R1 ,  , HIGH,TRUE, N/A, N/A,0.0, 394,409, Undetected, Unintercepted, HIGH,HIGH, N/A, N/A,0.0, 209,408, Undetected, Unintercepted, LOW,HIGH, N/A, N/A,0.0, 168,235, Undetected, Unintercepted, LOW,HIGH, N/A, N/A,0.0, 78,395, Undetected, Unintercepted, , Blue, 711, 211, ACTIVE, 25.0, N/A, 0,$5, Blue, 690, 250, INACTIVE, 50.0, N/A, 0,$5, Blue, 710, 280, INACTIVE, 100.0, N/A, 0,$5, Blue, 720, 300, INACTIVE, 50.0, N/A, 0,$10, Blue, 750, 270, INACTIVE, 50.0, N/A, 0,$5, Red, 174, 275, ACTIVE, 100.0, T3, 2,$5, Red, 140, 260, INACTIVE, 50.0, N/A, 0,$5, Red, 200, 300, INACTIVE, 100.0, N/A, 0,$5, Red, 180, 280, INACTIVE, 50.0, N/A, 0,$5, Red, 190, 200, INACTIVE, 50.0, N/A, 0,$5, 1470, 680, 0, 1, 0, 0, 0, 0, 0, 0, 0, 0, 0, 0, 0, 0, 0, 0, 0, 0, 0
18:03:56, Demo3, 1, 4, 2, 8, 0,  $10,  , 711,211, 28.00, 100.00, 100.00, Not Tracking, 1, 4, B1 ,  , 174,275, 28.00, 100.00, 100.00, Not Tracking, 1, R1 ,  , HIGH,TRUE, N/A, N/A,0.0, 394,410, Undetected, Unintercepted, HIGH,HIGH, N/A, N/A,0.0, 209,408, Undetected, Unintercepted, LOW,HIGH, N/A, N/A,0.0, 169,237, Undetected, Unintercepted, LOW,HIGH, N/A, N/A,0.0, 76,394, Undetected, Unintercepted, , Blue, 711, 211, ACTIVE, 25.0, N/A, 0,$5, Blue, 690, 250, INACTIVE, 50.0, N/A, 0,$5, Blue, 710, 280, INACTIVE, 100.0, N/A, 0,$5, Blue, 720, 300, INACTIVE, 50.0, N/A, 0,$10, Blue, 750, 270, INACTIVE, 50.0, N/A, 0,$5, Red, 174, 275, ACTIVE, 100.0, T3, 2,$5, Red, 140, 260, INACTIVE, 50.0, N/A, 0,$5, Red, 200, 300, INACTIVE, 100.0, N/A, 0,$5, Red, 180, 280, INACTIVE, 50.0, N/A, 0,$5, Red, 190, 200, INACTIVE, 50.0, N/A, 0,$5, 1470, 684, 0, 1, 0, 0, 0, 0, 0, 0, 0, 0, 0, 0, 0, 0, 0, 0, 0, 0, 0
18:03:56, Demo3, 1, 4, 2, 8, 0,  $10,  , 710,210, 28.00, 100.00, 100.00, Not Tracking, 1, 4, B1 ,  , 172,275, 28.00, 100.00, 100.00, Not Tracking, 1, R1 ,  , HIGH,TRUE, N/A, N/A,0.0, 394,410, Undetected, Unintercepted, HIGH,HIGH, N/A, N/A,0.0, 209,408, Undetected, Unintercepted, LOW,HIGH, N/A, N/A,0.0, 169,237, Undetected, Unintercepted, LOW,HIGH, N/A, N/A,0.0, 76,394, Undetected, Unintercepted, , Blue, 710, 210, ACTIVE, 25.0, N/A, 0,$5, Blue, 690, 250, INACTIVE, 50.0, N/A, 0,$5, Blue, 710, 280, INACTIVE, 100.0, N/A, 0,$5, Blue, 720, 300, INACTIVE, 50.0, N/A, 0,$10, Blue, 750, 270, INACTIVE, 50.0, N/A, 0,$5, Red, 172, 275, ACTIVE, 100.0, T3, 2,$5, Red, 140, 260, INACTIVE, 50.0, N/A, 0,$5, Red, 200, 300, INACTIVE, 100.0, N/A, 0,$5, Red, 180, 280, INACTIVE, 50.0, N/A, 0,$5, Red, 190, 200, INACTIVE, 50.0, N/A, 0,$5, 1438, 778, 0, 1, 0, 0, 0, 0, 0, 0, 0, 0, 0, 0, 0, 0, 0, 0, 0, 0, 0
18:03:56, Demo3, 1, 4, 2, 8, 0,  $10,  , 710,210, 28.00, 100.00, 100.00, Not Tracking, 1, 4, B1 ,  , 172,275, 28.00, 100.00, 100.00, Not Tracking, 1, R1 ,  , HIGH,TRUE, N/A, N/A,0.0, 394,411, Undetected, Unintercepted, HIGH,HIGH, N/A, N/A,0.0, 210,409, Undetected, Unintercepted, LOW,HIGH, N/A, N/A,0.0, 170,239, Undetected, Unintercepted, LOW,HIGH, N/A, N/A,0.0, 75,394, Undetected, Unintercepted, , Blue, 710, 210, ACTIVE, 25.0, N/A, 0,$5, Blue, 690, 250, INACTIVE, 50.0, N/A, 0,$5, Blue, 710, 280, INACTIVE, 100.0, N/A, 0,$5, Blue, 720, 300, INACTIVE, 50.0, N/A, 0,$10, Blue, 750, 270, INACTIVE, 50.0, N/A, 0,$5, Red, 172, 275, ACTIVE, 100.0, T3, 2,$5, Red, 140, 260, INACTIVE, 50.0, N/A, 0,$5, Red, 200, 300, INACTIVE, 100.0, N/A, 0,$5, Red, 180, 280, INACTIVE, 50.0, N/A, 0,$5, Red, 190, 200, INACTIVE, 50.0, N/A, 0,$5, 1421, 837, 0, 1, 0, 0, 0, 0, 0, 0, 0, 0, 0, 0, 0, 0, 0, 0, 0, 0, 0
18:03:57, Demo3, 1, 4, 2, 8, 0,  $10,  , 710,210, 28.00, 100.00, 100.00, Not Tracking, 1, 4, B1 ,  , 169,274, 28.00, 100.00, 100.00, Not Tracking, 1, R1 ,  , HIGH,TRUE, N/A, N/A,0.0, 394,411, Undetected, Unintercepted, HIGH,HIGH, N/A, N/A,0.0, 210,409, Undetected, Unintercepted, LOW,HIGH, N/A, N/A,0.0, 170,239, Undetected, Unintercepted, LOW,HIGH, N/A, N/A,0.0, 75,394, Undetected, Unintercepted, , Blue, 710, 210, ACTIVE, 25.0, N/A, 0,$5, Blue, 690, 250, INACTIVE, 50.0, N/A, 0,$5, Blue, 710, 280, INACTIVE, 100.0, N/A, 0,$5, Blue, 720, 300, INACTIVE, 50.0, N/A, 0,$10, Blue, 750, 270, INACTIVE, 50.0, N/A, 0,$5, Red, 169, 274, ACTIVE, 100.0, T3, 2,$5, Red, 140, 260, INACTIVE, 50.0, N/A, 0,$5, Red, 200, 300, INACTIVE, 100.0, N/A, 0,$5, Red, 180, 280, INACTIVE, 50.0, N/A, 0,$5, Red, 190, 200, INACTIVE, 50.0, N/A, 0,$5, 1426, 857, 0, 1, 0, 0, 0, 0, 0, 0, 0, 0, 0, 0, 0, 0, 0, 0, 0, 0, 0
18:03:57, Demo3, 1, 4, 2, 8, 0,  $10,  , 709,209, 28.00, 100.00, 100.00, Not Tracking, 1, 4, B1 ,  , 169,274, 28.00, 100.00, 100.00, Not Tracking, 1, R1 ,  , HIGH,TRUE, N/A, N/A,0.0, 392,410, Undetected, Unintercepted, HIGH,HIGH, N/A, N/A,0.0, 211,410, Undetected, Unintercepted, LOW,HIGH, N/A, N/A,0.0, 171,241, Undetected, Unintercepted, LOW,HIGH, N/A, N/A,0.0, 74,394, Undetected, Unintercepted, , Blue, 709, 209, ACTIVE, 25.0, N/A, 0,$5, Blue, 690, 250, INACTIVE, 50.0, N/A, 0,$5, Blue, 710, 280, INACTIVE, 100.0, N/A, 0,$5, Blue, 720, 300, INACTIVE, 50.0, N/A, 0,$10, Blue, 750, 270, INACTIVE, 50.0, N/A, 0,$5, Red, 169, 274, ACTIVE, 100.0, T3, 2,$5, Red, 140, 260, INACTIVE, 50.0, N/A, 0,$5, Red, 200, 300, INACTIVE, 100.0, N/A, 0,$5, Red, 180, 280, INACTIVE, 50.0, N/A, 0,$5, Red, 190, 200, INACTIVE, 50.0, N/A, 0,$5, 1454, 877, 0, 1, 0, 0, 0, 0, 0, 0, 0, 0, 0, 0, 0, 0, 0, 0, 0, 0, 0
18:03:57, Demo3, 1, 4, 2, 8, 0,  $10,  , 709,209, 28.00, 100.00, 100.00, Not Tracking, 1, 4, B1 ,  , 166,273, 28.00, 100.00, 100.00, Not Tracking, 1, R1 ,  , HIGH,TRUE, N/A, N/A,0.0, 392,410, Undetected, Unintercepted, HIGH,HIGH, N/A, N/A,0.0, 211,410, Undetected, Unintercepted, LOW,HIGH, N/A, N/A,0.0, 171,241, Undetected, Unintercepted, LOW,HIGH, N/A, N/A,0.0, 74,394, Undetected, Unintercepted, , Blue, 709, 209, ACTIVE, 25.0, N/A, 0,$5, Blue, 690, 250, INACTIVE, 50.0, N/A, 0,$5, Blue, 710, 280, INACTIVE, 100.0, N/A, 0,$5, Blue, 720, 300, INACTIVE, 50.0, N/A, 0,$10, Blue, 750, 270, INACTIVE, 50.0, N/A, 0,$5, Red, 166, 273, ACTIVE, 100.0, T3, 2,$5, Red, 140, 260, INACTIVE, 50.0, N/A, 0,$5, Red, 200, 300, INACTIVE, 100.0, N/A, 0,$5, Red, 180, 280, INACTIVE, 50.0, N/A, 0,$5, Red, 190, 200, INACTIVE, 50.0, N/A, 0,$5, 1457, 877, 0, 1, 0, 0, 0, 0, 0, 0, 0, 0, 0, 0, 0, 0, 0, 0, 0, 0, 0
18:03:57, Demo3, 1, 4, 2, 8, 0,  $10,  , 708,208, 28.00, 100.00, 100.00, Not Tracking, 1, 4, B1 ,  , 163,272, 28.00, 100.00, 100.00, Not Tracking, 1, R1 ,  , HIGH,TRUE, N/A, N/A,0.0, 392,411, Undetected, Unintercepted, HIGH,HIGH, N/A, N/A,0.0, 212,411, Undetected, Unintercepted, LOW,HIGH, N/A, N/A,0.0, 172,243, Undetected, Unintercepted, LOW,HIGH, N/A, N/A,0.0, 73,394, Undetected, Unintercepted, , Blue, 708, 208, ACTIVE, 25.0, N/A, 0,$5, Blue, 690, 250, INACTIVE, 50.0, N/A, 0,$5, Blue, 710, 280, INACTIVE, 100.0, N/A, 0,$5, Blue, 720, 300, INACTIVE, 50.0, N/A, 0,$10, Blue, 750, 270, INACTIVE, 50.0, N/A, 0,$5, Red, 163, 272, ACTIVE, 100.0, T3, 2,$5, Red, 140, 260, INACTIVE, 50.0, N/A, 0,$5, Red, 200, 300, INACTIVE, 100.0, N/A, 0,$5, Red, 180, 280, INACTIVE, 50.0, N/A, 0,$5, Red, 190, 200, INACTIVE, 50.0, N/A, 0,$5, 1462, 883, 0, 1, 0, 0, 0, 0, 0, 0, 0, 0, 0, 0, 0, 0, 0, 0, 0, 0, 0
18:03:57, Demo3, 1, 4, 2, 8, 0,  $10,  , 708,208, 28.00, 100.00, 100.00, Not Tracking, 1, 4, B1 ,  , 163,272, 28.00, 100.00, 100.00, Not Tracking, 1, R1 ,  , HIGH,TRUE, N/A, N/A,0.0, 392,411, Undetected, Unintercepted, HIGH,HIGH, N/A, N/A,0.0, 212,411, Undetected, Unintercepted, LOW,HIGH, N/A, N/A,0.0, 172,243, Undetected, Unintercepted, LOW,HIGH, N/A, N/A,0.0, 73,394, Undetected, Unintercepted, , Blue, 708, 208, ACTIVE, 25.0, N/A, 0,$5, Blue, 690, 250, INACTIVE, 50.0, N/A, 0,$5, Blue, 710, 280, INACTIVE, 100.0, N/A, 0,$5, Blue, 720, 300, INACTIVE, 50.0, N/A, 0,$10, Blue, 750, 270, INACTIVE, 50.0, N/A, 0,$5, Red, 163, 272, ACTIVE, 100.0, T3, 2,$5, Red, 140, 260, INACTIVE, 50.0, N/A, 0,$5, Red, 200, 300, INACTIVE, 100.0, N/A, 0,$5, Red, 180, 280, INACTIVE, 50.0, N/A, 0,$5, Red, 190, 200, INACTIVE, 50.0, N/A, 0,$5, 1464, 885, 0, 1, 0, 0, 0, 0, 0, 0, 0, 0, 0, 0, 0, 0, 0, 0, 0, 0, 0
18:03:57, Demo3, 1, 4, 2, 8, 0,  $10,  , 707,207, 28.00, 100.00, 100.00, Not Tracking, 1, 4, B1 ,  , 161,272, 28.00, 100.00, 100.00, Not Tracking, 1, R1 ,  , HIGH,TRUE, N/A, N/A,0.0, 390,410, Undetected, Unintercepted, HIGH,HIGH, N/A, N/A,0.0, 213,412, Undetected, Unintercepted, LOW,HIGH, N/A, N/A,0.0, 173,245, Undetected, Unintercepted, LOW,HIGH, N/A, N/A,0.0, 72,394, Undetected, Unintercepted, , Blue, 707, 207, ACTIVE, 25.0, N/A, 0,$5, Blue, 690, 250, INACTIVE, 50.0, N/A, 0,$5, Blue, 710, 280, INACTIVE, 100.0, N/A, 0,$5, Blue, 720, 300, INACTIVE, 50.0, N/A, 0,$10, Blue, 750, 270, INACTIVE, 50.0, N/A, 0,$5, Red, 161, 272, ACTIVE, 100.0, T3, 2,$5, Red, 140, 260, INACTIVE, 50.0, N/A, 0,$5, Red, 200, 300, INACTIVE, 100.0, N/A, 0,$5, Red, 180, 280, INACTIVE, 50.0, N/A, 0,$5, Red, 190, 200, INACTIVE, 50.0, N/A, 0,$5, 1464, 885, 0, 1, 0, 0, 0, 0, 0, 0, 0, 0, 0, 0, 0, 0, 0, 0, 0, 0, 0
18:03:57, Demo3, 1, 4, 2, 8, 0,  $10,  , 707,207, 28.00, 100.00, 100.00, Not Tracking, 1, 4, B1 ,  , 161,272, 28.00, 100.00, 100.00, Not Tracking, 1, R1 ,  , HIGH,TRUE, N/A, N/A,0.0, 390,411, Undetected, Unintercepted, HIGH,HIGH, N/A, N/A,0.0, 214,413, Undetected, Unintercepted, LOW,HIGH, N/A, N/A,0.0, 174,247, Undetected, Unintercepted, LOW,HIGH, N/A, N/A,0.0, 72,394, Undetected, Unintercepted, , Blue, 707, 207, ACTIVE, 25.0, N/A, 0,$5, Blue, 690, 250, INACTIVE, 50.0, N/A, 0,$5, Blue, 710, 280, INACTIVE, 100.0, N/A, 0,$5, Blue, 720, 300, INACTIVE, 50.0, N/A, 0,$10, Blue, 750, 270, INACTIVE, 50.0, N/A, 0,$5, Red, 161, 272, ACTIVE, 100.0, T3, 2,$5, Red, 140, 260, INACTIVE, 50.0, N/A, 0,$5, Red, 200, 300, INACTIVE, 100.0, N/A, 0,$5, Red, 180, 280, INACTIVE, 50.0, N/A, 0,$5, Red, 190, 200, INACTIVE, 50.0, N/A, 0,$5, 1464, 885, 0, 1, 1, 0, 0, 0, 0, 0, 0, 0, 0, 0, 0, 0, 0, 0, 0, 0, 0
18:03:57, Demo3, 1, 4, 2, 8, 0,  $10,  , 707,207, 28.00, 100.00, 100.00, Not Tracking, 1, 4, B1 ,  , 158,271, 28.00, 100.00, 100.00, Not Tracking, 1, R1 ,  , HIGH,TRUE, N/A, N/A,0.0, 390,411, Undetected, Unintercepted, HIGH,HIGH, N/A, N/A,0.0, 214,413, Undetected, Unintercepted, LOW,HIGH, N/A, N/A,0.0, 174,247, Undetected, Unintercepted, LOW,HIGH, N/A, N/A,0.0, 70,393, Undetected, Unintercepted, , Blue, 707, 207, ACTIVE, 25.0, N/A, 0,$5, Blue, 690, 250, INACTIVE, 50.0, N/A, 0,$5, Blue, 710, 280, INACTIVE, 100.0, N/A, 0,$5, Blue, 720, 300, INACTIVE, 50.0, N/A, 0,$10, Blue, 750, 270, INACTIVE, 50.0, N/A, 0,$5, Red, 158, 271, ACTIVE, 100.0, T3, 2,$5, Red, 140, 260, INACTIVE, 50.0, N/A, 0,$5, Red, 200, 300, INACTIVE, 100.0, N/A, 0,$5, Red, 180, 280, INACTIVE, 50.0, N/A, 0,$5, Red, 190, 200, INACTIVE, 50.0, N/A, 0,$5, 1466, 885, 0, 1, 1, 0, 0, 0, 0, 0, 0, 0, 0, 0, 0, 0, 0, 0, 0, 0, 0
18:03:57, Demo3, 1, 4, 2, 8, 0,  $10,  , 707,207, 28.00, 100.00, 100.00, Not Tracking, 1, 4, B1 ,  , 158,271, 28.00, 100.00, 100.00, Not Tracking, 1, R1 ,  , HIGH,TRUE, N/A, N/A,0.0, 390,412, Undetected, Unintercepted, HIGH,HIGH, N/A, N/A,0.0, 214,413, Undetected, Unintercepted, LOW,HIGH, N/A, N/A,0.0, 175,249, Undetected, Unintercepted, LOW,HIGH, N/A, N/A,0.0, 69,393, Undetected, Unintercepted, , Blue, 707, 207, ACTIVE, 25.0, N/A, 0,$5, Blue, 690, 250, INACTIVE, 50.0, N/A, 0,$5, Blue, 710, 280, INACTIVE, 100.0, N/A, 0,$5, Blue, 720, 300, INACTIVE, 50.0, N/A, 0,$10, Blue, 750, 270, INACTIVE, 50.0, N/A, 0,$5, Red, 158, 271, ACTIVE, 100.0, T3, 2,$5, Red, 140, 260, INACTIVE, 50.0, N/A, 0,$5, Red, 200, 300, INACTIVE, 100.0, N/A, 0,$5, Red, 180, 280, INACTIVE, 50.0, N/A, 0,$5, Red, 190, 200, INACTIVE, 50.0, N/A, 0,$5, 1473, 854, 0, 1, 1, 0, 0, 0, 0, 0, 0, 0, 0, 0, 0, 0, 0, 0, 0, 0, 0
18:03:57, Demo3, 1, 4, 2, 8, 0,  $10,  , 706,206, 28.00, 100.00, 100.00, Not Tracking, 1, 4, B1 ,  , 155,270, 28.00, 100.00, 100.00, Not Tracking, 1, R1 ,  , HIGH,TRUE, N/A, N/A,0.0, 390,412, Undetected, Unintercepted, HIGH,HIGH, N/A, N/A,0.0, 214,413, Undetected, Unintercepted, LOW,HIGH, N/A, N/A,0.0, 175,249, Undetected, Unintercepted, LOW,HIGH, N/A, N/A,0.0, 69,393, Undetected, Unintercepted, , Blue, 706, 206, ACTIVE, 25.0, N/A, 0,$5, Blue, 690, 250, INACTIVE, 50.0, N/A, 0,$5, Blue, 710, 280, INACTIVE, 100.0, N/A, 0,$5, Blue, 720, 300, INACTIVE, 50.0, N/A, 0,$10, Blue, 750, 270, INACTIVE, 50.0, N/A, 0,$5, Red, 155, 270, ACTIVE, 100.0, T3, 2,$5, Red, 140, 260, INACTIVE, 50.0, N/A, 0,$5, Red, 200, 300, INACTIVE, 100.0, N/A, 0,$5, Red, 180, 280, INACTIVE, 50.0, N/A, 0,$5, Red, 190, 200, INACTIVE, 50.0, N/A, 0,$5, 1484, 788, 0, 1, 1, 0, 0, 0, 0, 0, 0, 0, 0, 0, 0, 0, 0, 0, 0, 0, 0
18:03:58, Demo3, 1, 4, 2, 8, 0,  $10,  , 706,206, 28.00, 100.00, 100.00, Not Tracking, 1, 4, B1 ,  , 155,270, 28.00, 100.00, 100.00, Not Tracking, 1, R1 ,  , HIGH,TRUE, N/A, N/A,0.0, 390,413, Undetected, Unintercepted, HIGH,HIGH, N/A, N/A,0.0, 215,414, Undetected, Unintercepted, LOW,HIGH, N/A, N/A,0.0, 176,251, Undetected, Unintercepted, LOW,HIGH, N/A, N/A,0.0, 67,392, Undetected, Unintercepted, , Blue, 706, 206, ACTIVE, 25.0, N/A, 0,$5, Blue, 690, 250, INACTIVE, 50.0, N/A, 0,$5, Blue, 710, 280, INACTIVE, 100.0, N/A, 0,$5, Blue, 720, 300, INACTIVE, 50.0, N/A, 0,$10, Blue, 750, 270, INACTIVE, 50.0, N/A, 0,$5, Red, 155, 270, ACTIVE, 100.0, T3, 2,$5, Red, 140, 260, INACTIVE, 50.0, N/A, 0,$5, Red, 200, 300, INACTIVE, 100.0, N/A, 0,$5, Red, 180, 280, INACTIVE, 50.0, N/A, 0,$5, Red, 190, 200, INACTIVE, 50.0, N/A, 0,$5, 1487, 760, 0, 1, 1, 0, 0, 0, 0, 0, 0, 0, 0, 0, 0, 0, 0, 0, 0, 0, 0
18:03:58, Demo3, 1, 4, 2, 8, 0,  $10,  , 705,205, 28.00, 100.00, 100.00, Not Tracking, 1, 4, B1 ,  , 151,268, 28.00, 100.00, 100.00, Not Tracking, 1, R1 ,  , HIGH,TRUE, N/A, N/A,0.0, 390,413, Undetected, Unintercepted, HIGH,HIGH, N/A, N/A,0.0, 215,414, Undetected, Unintercepted, LOW,HIGH, N/A, N/A,0.0, 176,251, Undetected, Unintercepted, LOW,HIGH, N/A, N/A,0.0, 67,392, Undetected, Unintercepted, , Blue, 705, 205, ACTIVE, 25.0, N/A, 0,$5, Blue, 690, 250, INACTIVE, 50.0, N/A, 0,$5, Blue, 710, 280, INACTIVE, 100.0, N/A, 0,$5, Blue, 720, 300, INACTIVE, 50.0, N/A, 0,$10, Blue, 750, 270, INACTIVE, 50.0, N/A, 0,$5, Red, 151, 268, ACTIVE, 100.0, T3, 2,$5, Red, 140, 260, INACTIVE, 50.0, N/A, 0,$5, Red, 200, 300, INACTIVE, 100.0, N/A, 0,$5, Red, 180, 280, INACTIVE, 50.0, N/A, 0,$5, Red, 190, 200, INACTIVE, 50.0, N/A, 0,$5, 1513, 725, 0, 1, 1, 0, 0, 0, 0, 0, 0, 0, 0, 0, 0, 0, 0, 0, 0, 0, 0
18:03:58, Demo3, 1, 4, 2, 8, 0,  $10,  , 705,205, 28.00, 100.00, 100.00, Not Tracking, 1, 4, B1 ,  , 151,268, 28.00, 100.00, 100.00, Not Tracking, 1, R1 ,  , HIGH,TRUE, N/A, N/A,0.0, 389,413, Undetected, Unintercepted, HIGH,HIGH, N/A, N/A,0.0, 215,414, Undetected, Unintercepted, LOW,HIGH, N/A, N/A,0.0, 177,253, Undetected, Unintercepted, LOW,HIGH, N/A, N/A,0.0, 65,391, Undetected, Unintercepted, , Blue, 705, 205, ACTIVE, 25.0, N/A, 0,$5, Blue, 690, 250, INACTIVE, 50.0, N/A, 0,$5, Blue, 710, 280, INACTIVE, 100.0, N/A, 0,$5, Blue, 720, 300, INACTIVE, 50.0, N/A, 0,$10, Blue, 750, 270, INACTIVE, 50.0, N/A, 0,$5, Red, 151, 268, ACTIVE, 100.0, T3, 2,$5, Red, 140, 260, INACTIVE, 50.0, N/A, 0,$5, Red, 200, 300, INACTIVE, 100.0, N/A, 0,$5, Red, 180, 280, INACTIVE, 50.0, N/A, 0,$5, Red, 190, 200, INACTIVE, 50.0, N/A, 0,$5, 1529, 707, 0, 1, 1, 0, 0, 0, 0, 0, 0, 0, 0, 0, 0, 0, 0, 0, 0, 0, 0
18:03:58, Demo3, 1, 4, 2, 8, 0,  $10,  , 704,204, 28.00, 100.00, 100.00, Not Tracking, 1, 4, B1 ,  , 148,267, 28.00, 100.00, 100.00, Not Tracking, 1, R1 ,  , HIGH,TRUE, N/A, N/A,0.0, 389,413, Undetected, Unintercepted, HIGH,HIGH, N/A, N/A,0.0, 215,414, Undetected, Unintercepted, LOW,HIGH, N/A, N/A,0.0, 177,253, Undetected, Unintercepted, LOW,HIGH, N/A, N/A,0.0, 65,391, Undetected, Unintercepted, , Blue, 704, 204, ACTIVE, 25.0, N/A, 0,$5, Blue, 690, 250, INACTIVE, 50.0, N/A, 0,$5, Blue, 710, 280, INACTIVE, 100.0, N/A, 0,$5, Blue, 720, 300, INACTIVE, 50.0, N/A, 0,$10, Blue, 750, 270, INACTIVE, 50.0, N/A, 0,$5, Red, 148, 267, ACTIVE, 100.0, T3, 2,$5, Red, 140, 260, INACTIVE, 50.0, N/A, 0,$5, Red, 200, 300, INACTIVE, 100.0, N/A, 0,$5, Red, 180, 280, INACTIVE, 50.0, N/A, 0,$5, Red, 190, 200, INACTIVE, 50.0, N/A, 0,$5, 1539, 696, 0, 1, 1, 0, 0, 0, 0, 0, 0, 0, 0, 0, 0, 0, 0, 0, 0, 0, 0
18:03:58, Demo3, 1, 4, 2, 8, 0,  $10,  , 703,203, 28.00, 100.00, 100.00, Not Tracking, 1, 4, B1 ,  , 148,267, 28.00, 100.00, 100.00, Not Tracking, 1, R1 ,  , HIGH,TRUE, N/A, N/A,0.0, 389,414, Undetected, Unintercepted, HIGH,HIGH, N/A, N/A,0.0, 216,415, Undetected, Unintercepted, LOW,HIGH, N/A, N/A,0.0, 178,255, Undetected, Unintercepted, LOW,HIGH, N/A, N/A,0.0, 63,390, Undetected, Unintercepted, , Blue, 703, 203, ACTIVE, 25.0, N/A, 0,$5, Blue, 690, 250, INACTIVE, 50.0, N/A, 0,$5, Blue, 710, 280, INACTIVE, 100.0, N/A, 0,$5, Blue, 720, 300, INACTIVE, 50.0, N/A, 0,$10, Blue, 750, 270, INACTIVE, 50.0, N/A, 0,$5, Red, 148, 267, ACTIVE, 100.0, T3, 2,$5, Red, 140, 260, INACTIVE, 50.0, N/A, 0,$5, Red, 200, 300, INACTIVE, 100.0, N/A, 0,$5, Red, 180, 280, INACTIVE, 50.0, N/A, 0,$5, Red, 190, 200, INACTIVE, 50.0, N/A, 0,$5, 1545, 690, 0, 1, 1, 0, 0, 0, 0, 0, 0, 0, 0, 0, 0, 0, 0, 0, 0, 0, 0
18:03:58, Demo3, 1, 4, 2, 8, 0,  $10,  , 703,203, 28.00, 100.00, 100.00, Not Tracking, 1, 4, B1 ,  , 146,267, 28.00, 100.00, 100.00, Not Tracking, 1, R1 ,  , HIGH,TRUE, N/A, N/A,0.0, 389,414, Undetected, Unintercepted, HIGH,HIGH, N/A, N/A,0.0, 216,415, Undetected, Unintercepted, LOW,HIGH, N/A, N/A,0.0, 178,255, Undetected, Unintercepted, LOW,HIGH, N/A, N/A,0.0, 63,390, Undetected, Unintercepted, , Blue, 703, 203, ACTIVE, 25.0, N/A, 0,$5, Blue, 690, 250, INACTIVE, 50.0, N/A, 0,$5, Blue, 710, 280, INACTIVE, 100.0, N/A, 0,$5, Blue, 720, 300, INACTIVE, 50.0, N/A, 0,$10, Blue, 750, 270, INACTIVE, 50.0, N/A, 0,$5, Red, 146, 267, ACTIVE, 100.0, T3, 2,$5, Red, 140, 260, INACTIVE, 50.0, N/A, 0,$5, Red, 200, 300, INACTIVE, 100.0, N/A, 0,$5, Red, 180, 280, INACTIVE, 50.0, N/A, 0,$5, Red, 190, 200, INACTIVE, 50.0, N/A, 0,$5, 1545, 690, 0, 1, 1, 0, 0, 0, 0, 0, 0, 0, 0, 0, 0, 0, 0, 0, 0, 0, 0
18:03:58, Demo3, 1, 4, 2, 8, 0,  $10,  , 702,202, 28.00, 100.00, 100.00, Not Tracking, 1, 4, B1 ,  , 143,266, 28.00, 100.00, 100.00, Not Tracking, 1, R1 ,  , HIGH,TRUE, N/A, N/A,0.0, 388,414, Undetected, Unintercepted, HIGH,HIGH, N/A, N/A,0.0, 217,416, Undetected, Unintercepted, LOW,HIGH, N/A, N/A,0.0, 179,257, Undetected, Unintercepted, LOW,HIGH, N/A, N/A,0.0, 62,390, Undetected, Unintercepted, , Blue, 702, 202, ACTIVE, 25.0, N/A, 0,$5, Blue, 690, 250, INACTIVE, 50.0, N/A, 0,$5, Blue, 710, 280, INACTIVE, 100.0, N/A, 0,$5, Blue, 720, 300, INACTIVE, 50.0, N/A, 0,$10, Blue, 750, 270, INACTIVE, 50.0, N/A, 0,$5, Red, 143, 266, ACTIVE, 100.0, T3, 2,$5, Red, 140, 260, INACTIVE, 50.0, N/A, 0,$5, Red, 200, 300, INACTIVE, 100.0, N/A, 0,$5, Red, 180, 280, INACTIVE, 50.0, N/A, 0,$5, Red, 190, 200, INACTIVE, 50.0, N/A, 0,$5, 1546, 690, 0, 1, 1, 0, 0, 1, 0, 0, 0, 0, 0, 0, 0, 0, 0, 0, 0, 0, 0
18:03:58, Demo3, 1, 4, 2, 8, 0,  $10,  , 702,202, 28.00, 100.00, 100.00, Not Tracking, 1, 4, B1 ,  , 143,266, 28.00, 100.00, 100.00, Not Tracking, 1, R1 ,  , HIGH,TRUE, N/A, N/A,0.0, 388,414, Undetected, Unintercepted, HIGH,HIGH, N/A, N/A,0.0, 217,416, Undetected, Unintercepted, LOW,HIGH, N/A, N/A,0.0, 179,257, Undetected, Unintercepted, LOW,HIGH, N/A, N/A,0.0, 62,390, Undetected, Unintercepted, , Blue, 702, 202, ACTIVE, 25.0, N/A, 0,$5, Blue, 690, 250, INACTIVE, 50.0, N/A, 0,$5, Blue, 710, 280, INACTIVE, 100.0, N/A, 0,$5, Blue, 720, 300, INACTIVE, 50.0, N/A, 0,$10, Blue, 750, 270, INACTIVE, 50.0, N/A, 0,$5, Red, 143, 266, ACTIVE, 100.0, T3, 2,$5, Red, 140, 260, INACTIVE, 50.0, N/A, 0,$5, Red, 200, 300, INACTIVE, 100.0, N/A, 0,$5, Red, 180, 280, INACTIVE, 50.0, N/A, 0,$5, Red, 190, 200, INACTIVE, 50.0, N/A, 0,$5, 1546, 690, 0, 1, 1, 0, 0, 1, 0, 0, 0, 0, 0, 0, 0, 0, 0, 0, 0, 0, 0
18:03:58, Demo3, 1, 4, 2, 8, 0,  $10,  , 702,202, 28.00, 100.00, 100.00, Not Tracking, 1, 4, B1 ,  , 140,265, 28.00, 100.00, 100.00, Not Tracking, 1, R1 ,  , HIGH,TRUE, N/A, N/A,0.0, 388,415, Undetected, Unintercepted, HIGH,HIGH, N/A, N/A,0.0, 218,417, Undetected, Unintercepted, LOW,HIGH, N/A, N/A,0.0, 180,259, Undetected, Unintercepted, LOW,HIGH, N/A, N/A,0.0, 60,389, Undetected, Unintercepted, , Blue, 702, 202, ACTIVE, 25.0, N/A, 0,$5, Blue, 690, 250, INACTIVE, 50.0, N/A, 0,$5, Blue, 710, 280, INACTIVE, 100.0, N/A, 0,$5, Blue, 720, 300, INACTIVE, 50.0, N/A, 0,$10, Blue, 750, 270, INACTIVE, 50.0, N/A, 0,$5, Red, 140, 265, ACTIVE, 100.0, T3, 2,$5, Red, 140, 260, INACTIVE, 50.0, N/A, 0,$5, Red, 200, 300, INACTIVE, 100.0, N/A, 0,$5, Red, 180, 280, INACTIVE, 50.0, N/A, 0,$5, Red, 190, 200, INACTIVE, 50.0, N/A, 0,$5, 1546, 690, 0, 1, 1, 0, 0, 1, 0, 0, 0, 0, 0, 0, 0, 0, 0, 0, 0, 0, 0
18:03:59, Demo3, 1, 4, 2, 8, 0,  $10,  , 702,202, 28.00, 100.00, 100.00, Not Tracking, 1, 4, B1 ,  , 140,265, 28.00, 100.00, 100.00, Not Tracking, 1, R1 ,  , HIGH,TRUE, N/A, N/A,0.0, 387,415, Undetected, Unintercepted, HIGH,HIGH, N/A, N/A,0.0, 219,418, Undetected, Unintercepted, LOW,HIGH, N/A, N/A,0.0, 181,261, Undetected, Unintercepted, LOW,HIGH, N/A, N/A,0.0, 60,389, Undetected, Unintercepted, , Blue, 702, 202, ACTIVE, 25.0, N/A, 0,$5, Blue, 690, 250, INACTIVE, 50.0, N/A, 0,$5, Blue, 710, 280, INACTIVE, 100.0, N/A, 0,$5, Blue, 720, 300, INACTIVE, 50.0, N/A, 0,$10, Blue, 750, 270, INACTIVE, 50.0, N/A, 0,$5, Red, 140, 265, ACTIVE, 100.0, T3, 2,$5, Red, 140, 260, INACTIVE, 50.0, N/A, 0,$5, Red, 200, 300, INACTIVE, 100.0, N/A, 0,$5, Red, 180, 280, INACTIVE, 50.0, N/A, 0,$5, Red, 190, 200, INACTIVE, 50.0, N/A, 0,$5, 1522, 687, 0, 1, 1, 0, 0, 1, 0, 0, 0, 0, 0, 0, 0, 0, 0, 0, 0, 0, 0
18:03:59, Demo3, 1, 4, 2, 8, 0,  $10,  , 701,201, 28.00, 100.00, 100.00, Not Tracking, 1, 4, B1 ,  , 137,264, 28.00, 100.00, 100.00, Not Tracking, 1, R1 ,  , HIGH,TRUE, N/A, N/A,0.0, 387,415, Undetected, Unintercepted, HIGH,HIGH, N/A, N/A,0.0, 219,418, Undetected, Unintercepted, LOW,HIGH, N/A, N/A,0.0, 181,261, Undetected, Unintercepted, LOW,HIGH, N/A, N/A,0.0, 58,388, Undetected, Unintercepted, , Blue, 701, 201, ACTIVE, 25.0, N/A, 0,$5, Blue, 690, 250, INACTIVE, 50.0, N/A, 0,$5, Blue, 710, 280, INACTIVE, 100.0, N/A, 0,$5, Blue, 720, 300, INACTIVE, 50.0, N/A, 0,$10, Blue, 750, 270, INACTIVE, 50.0, N/A, 0,$5, Red, 137, 264, ACTIVE, 100.0, T3, 2,$5, Red, 140, 260, INACTIVE, 50.0, N/A, 0,$5, Red, 200, 300, INACTIVE, 100.0, N/A, 0,$5, Red, 180, 280, INACTIVE, 50.0, N/A, 0,$5, Red, 190, 200, INACTIVE, 50.0, N/A, 0,$5, 1341, 657, 0, 1, 1, 0, 0, 1, 0, 0, 0, 0, 0, 0, 0, 0, 0, 0, 0, 0, 0
18:03:59, Demo3, 1, 4, 2, 8, 0,  $10,  , 701,201, 28.00, 100.00, 100.00, Not Tracking, 1, 4, B1 ,  , 137,264, 28.00, 100.00, 100.00, Not Tracking, 1, R1 ,  , HIGH,TRUE, N/A, N/A,0.0, 387,416, Undetected, Unintercepted, HIGH,HIGH, N/A, N/A,0.0, 220,419, Undetected, Unintercepted, LOW,HIGH, N/A, N/A,0.0, 182,263, Undetected, Unintercepted, LOW,HIGH, N/A, N/A,0.0, 57,388, Undetected, Unintercepted, , Blue, 701, 201, ACTIVE, 25.0, N/A, 0,$5, Blue, 690, 250, INACTIVE, 50.0, N/A, 0,$5, Blue, 710, 280, INACTIVE, 100.0, N/A, 0,$5, Blue, 720, 300, INACTIVE, 50.0, N/A, 0,$10, Blue, 750, 270, INACTIVE, 50.0, N/A, 0,$5, Red, 137, 264, ACTIVE, 100.0, T3, 2,$5, Red, 140, 260, INACTIVE, 50.0, N/A, 0,$5, Red, 200, 300, INACTIVE, 100.0, N/A, 0,$5, Red, 180, 280, INACTIVE, 50.0, N/A, 0,$5, Red, 190, 200, INACTIVE, 50.0, N/A, 0,$5, 1238, 633, 0, 1, 1, 0, 0, 1, 0, 0, 0, 0, 0, 0, 0, 0, 0, 0, 0, 0, 0
18:03:59, Demo3, 1, 4, 2, 8, 0,  $10,  , 700,200, 28.00, 100.00, 100.00, Not Tracking, 1, 4, B1 ,  , 135,264, 28.00, 100.00, 100.00, Not Tracking, 1, R1 ,  , HIGH,TRUE, N/A, N/A,0.0, 387,416, Undetected, Unintercepted, HIGH,HIGH, N/A, N/A,0.0, 220,419, Undetected, Unintercepted, LOW,HIGH, N/A, N/A,0.0, 182,263, Undetected, Unintercepted, LOW,HIGH, N/A, N/A,0.0, 57,388, Undetected, Unintercepted, , Blue, 700, 200, ACTIVE, 25.0, N/A, 0,$5, Blue, 690, 250, INACTIVE, 50.0, N/A, 0,$5, Blue, 710, 280, INACTIVE, 100.0, N/A, 0,$5, Blue, 720, 300, INACTIVE, 50.0, N/A, 0,$10, Blue, 750, 270, INACTIVE, 50.0, N/A, 0,$5, Red, 135, 264, ACTIVE, 100.0, T3, 2,$5, Red, 140, 260, INACTIVE, 50.0, N/A, 0,$5, Red, 200, 300, INACTIVE, 100.0, N/A, 0,$5, Red, 180, 280, INACTIVE, 50.0, N/A, 0,$5, Red, 190, 200, INACTIVE, 50.0, N/A, 0,$5, 1180, 619, 0, 1, 1, 0, 0, 1, 0, 0, 0, 0, 0, 0, 0, 0, 0, 0, 0, 0, 0
18:03:59, Demo3, 1, 4, 2, 8, 0,  $10,  , 700,200, 28.00, 100.00, 100.00, Not Tracking, 1, 4, B1 ,  , 135,264, 28.00, 100.00, 100.00, Not Tracking, 1, R1 ,  , HIGH,TRUE, N/A, N/A,0.0, 387,417, Undetected, Unintercepted, HIGH,HIGH, N/A, N/A,0.0, 221,420, Undetected, Unintercepted, LOW,HIGH, N/A, N/A,0.0, 183,265, Undetected, Unintercepted, LOW,HIGH, N/A, N/A,0.0, 55,387, Undetected, Unintercepted, , Blue, 700, 200, ACTIVE, 25.0, N/A, 0,$5, Blue, 690, 250, INACTIVE, 50.0, N/A, 0,$5, Blue, 710, 280, INACTIVE, 100.0, N/A, 0,$5, Blue, 720, 300, INACTIVE, 50.0, N/A, 0,$10, Blue, 750, 270, INACTIVE, 50.0, N/A, 0,$5, Red, 135, 264, ACTIVE, 100.0, T3, 2,$5, Red, 140, 260, INACTIVE, 50.0, N/A, 0,$5, Red, 200, 300, INACTIVE, 100.0, N/A, 0,$5, Red, 180, 280, INACTIVE, 50.0, N/A, 0,$5, Red, 190, 200, INACTIVE, 50.0, N/A, 0,$5, 1119, 609, 0, 1, 1, 0, 0, 1, 0, 0, 0, 0, 0, 0, 0, 0, 0, 0, 0, 0, 0
18:03:59, Demo3, 1, 4, 2, 8, 0,  $10,  , 700,200, 28.00, 100.00, 100.00, Not Tracking, 1, 4, B1 ,  , 132,263, 28.00, 100.00, 100.00, Not Tracking, 1, R1 ,  , HIGH,TRUE, N/A, N/A,0.0, 387,417, Undetected, Unintercepted, HIGH,HIGH, N/A, N/A,0.0, 221,420, Undetected, Unintercepted, LOW,HIGH, N/A, N/A,0.0, 183,265, Undetected, Unintercepted, LOW,HIGH, N/A, N/A,0.0, 55,387, Undetected, Unintercepted, , Blue, 700, 200, ACTIVE, 25.0, N/A, 0,$5, Blue, 690, 250, INACTIVE, 50.0, N/A, 0,$5, Blue, 710, 280, INACTIVE, 100.0, N/A, 0,$5, Blue, 720, 300, INACTIVE, 50.0, N/A, 0,$10, Blue, 750, 270, INACTIVE, 50.0, N/A, 0,$5, Red, 132, 263, ACTIVE, 100.0, T3, 2,$5, Red, 140, 260, INACTIVE, 50.0, N/A, 0,$5, Red, 200, 300, INACTIVE, 100.0, N/A, 0,$5, Red, 180, 280, INACTIVE, 50.0, N/A, 0,$5, Red, 190, 200, INACTIVE, 50.0, N/A, 0,$5, 1109, 608, 0, 1, 1, 0, 0, 1, 0, 0, 0, 0, 0, 0, 0, 0, 0, 0, 0, 0, 0
18:03:59, Demo3, 1, 4, 2, 8, 0,  $10,  , 700,200, 28.00, 100.00, 100.00, Not Tracking, 1, 4, B1 ,  , 132,263, 28.00, 100.00, 100.00, Not Tracking, 1, R1 ,  , HIGH,TRUE, N/A, N/A,0.0, 386,417, Undetected, Unintercepted, HIGH,HIGH, N/A, N/A,0.0, 222,421, Undetected, Unintercepted, LOW,HIGH, N/A, N/A,0.0, 184,267, Undetected, Unintercepted, LOW,HIGH, N/A, N/A,0.0, 54,387, Undetected, Unintercepted, , Blue, 700, 200, ACTIVE, 25.0, N/A, 0,$5, Blue, 690, 250, INACTIVE, 50.0, N/A, 0,$5, Blue, 710, 280, INACTIVE, 100.0, N/A, 0,$5, Blue, 720, 300, INACTIVE, 50.0, N/A, 0,$10, Blue, 750, 270, INACTIVE, 50.0, N/A, 0,$5, Red, 132, 263, ACTIVE, 100.0, T3, 2,$5, Red, 140, 260, INACTIVE, 50.0, N/A, 0,$5, Red, 200, 300, INACTIVE, 100.0, N/A, 0,$5, Red, 180, 280, INACTIVE, 50.0, N/A, 0,$5, Red, 190, 200, INACTIVE, 50.0, N/A, 0,$5, 1109, 608, 0, 1, 1, 0, 0, 1, 0, 0, 0, 0, 0, 0, 0, 0, 0, 0, 0, 0, 0
18:03:59, Demo3, 1, 4, 2, 8, 0,  $10,  , 698,198, 28.00, 100.00, 100.00, Not Tracking, 1, 4, B1 ,  , 128,261, 28.00, 100.00, 100.00, Not Tracking, 1, R1 ,  , HIGH,TRUE, N/A, N/A,0.0, 386,417, Undetected, Unintercepted, HIGH,HIGH, N/A, N/A,0.0, 222,421, Undetected, Unintercepted, LOW,HIGH, N/A, N/A,0.0, 184,267, Undetected, Unintercepted, LOW,HIGH, N/A, N/A,0.0, 54,387, Undetected, Unintercepted, , Blue, 698, 198, ACTIVE, 25.0, N/A, 0,$5, Blue, 690, 250, INACTIVE, 50.0, N/A, 0,$5, Blue, 710, 280, INACTIVE, 100.0, N/A, 0,$5, Blue, 720, 300, INACTIVE, 50.0, N/A, 0,$10, Blue, 750, 270, INACTIVE, 50.0, N/A, 0,$5, Red, 128, 261, ACTIVE, 100.0, T3, 2,$5, Red, 140, 260, INACTIVE, 50.0, N/A, 0,$5, Red, 200, 300, INACTIVE, 100.0, N/A, 0,$5, Red, 180, 280, INACTIVE, 50.0, N/A, 0,$5, Red, 190, 200, INACTIVE, 50.0, N/A, 0,$5, 1109, 608, 0, 1, 1, 0, 0, 1, 0, 0, 0, 0, 0, 0, 0, 0, 0, 0, 0, 0, 0
18:03:59, Demo3, 1, 4, 2, 8, 0,  $10,  , 698,198, 28.00, 100.00, 100.00, Not Tracking, 1, 4, B1 ,  , 128,261, 28.00, 100.00, 100.00, Not Tracking, 1, R1 ,  , HIGH,TRUE, N/A, N/A,0.0, 385,417, Undetected, Unintercepted, HIGH,HIGH, N/A, N/A,0.0, 223,422, Undetected, Unintercepted, LOW,HIGH, N/A, N/A,0.0, 185,269, Undetected, Unintercepted, LOW,HIGH, N/A, N/A,0.0, 53,387, Undetected, Unintercepted, , Blue, 698, 198, ACTIVE, 25.0, N/A, 0,$5, Blue, 690, 250, INACTIVE, 50.0, N/A, 0,$5, Blue, 710, 280, INACTIVE, 100.0, N/A, 0,$5, Blue, 720, 300, INACTIVE, 50.0, N/A, 0,$10, Blue, 750, 270, INACTIVE, 50.0, N/A, 0,$5, Red, 128, 261, ACTIVE, 100.0, T3, 2,$5, Red, 140, 260, INACTIVE, 50.0, N/A, 0,$5, Red, 200, 300, INACTIVE, 100.0, N/A, 0,$5, Red, 180, 280, INACTIVE, 50.0, N/A, 0,$5, Red, 190, 200, INACTIVE, 50.0, N/A, 0,$5, 1109, 608, 0, 1, 1, 0, 0, 1, 0, 0, 0, 0, 0, 0, 0, 0, 0, 0, 0, 0, 0
18:04:00, Demo3, 1, 4, 2, 8, 0,  $10,  , 697,197, 28.00, 100.00, 100.00, Not Tracking, 1, 4, B1 ,  , 125,260, 28.00, 100.00, 100.00, Not Tracking, 1, R1 ,  , HIGH,TRUE, N/A, N/A,0.0, 385,417, Undetected, Unintercepted, HIGH,HIGH, N/A, N/A,0.0, 223,422, Undetected, Unintercepted, LOW,HIGH, N/A, N/A,0.0, 185,269, Undetected, Unintercepted, LOW,HIGH, N/A, N/A,0.0, 53,387, Undetected, Unintercepted, , Blue, 697, 197, ACTIVE, 25.0, N/A, 0,$5, Blue, 690, 250, INACTIVE, 50.0, N/A, 0,$5, Blue, 710, 280, INACTIVE, 100.0, N/A, 0,$5, Blue, 720, 300, INACTIVE, 50.0, N/A, 0,$10, Blue, 750, 270, INACTIVE, 50.0, N/A, 0,$5, Red, 125, 260, ACTIVE, 100.0, T3, 2,$5, Red, 140, 260, INACTIVE, 50.0, N/A, 0,$5, Red, 200, 300, INACTIVE, 100.0, N/A, 0,$5, Red, 180, 280, INACTIVE, 50.0, N/A, 0,$5, Red, 190, 200, INACTIVE, 50.0, N/A, 0,$5, 1109, 608, 0, 1, 1, 0, 0, 1, 0, 0, 0, 0, 0, 0, 0, 0, 0, 0, 0, 0, 0
18:04:00, Demo3, 1, 4, 2, 8, 0,  $10,  , 696,196, 28.00, 100.00, 100.00, Not Tracking, 1, 4, B1 ,  , 123,260, 28.00, 100.00, 100.00, Not Tracking, 1, R1 ,  , HIGH,TRUE, N/A, N/A,0.0, 385,418, Undetected, Unintercepted, HIGH,HIGH, N/A, N/A,0.0, 223,422, Undetected, Unintercepted, LOW,HIGH, N/A, N/A,0.0, 186,271, Undetected, Unintercepted, LOW,HIGH, N/A, N/A,0.0, 52,387, Undetected, Unintercepted, , Blue, 696, 196, ACTIVE, 25.0, N/A, 0,$5, Blue, 690, 250, INACTIVE, 50.0, N/A, 0,$5, Blue, 710, 280, INACTIVE, 100.0, N/A, 0,$5, Blue, 720, 300, INACTIVE, 50.0, N/A, 0,$10, Blue, 750, 270, INACTIVE, 50.0, N/A, 0,$5, Red, 123, 260, ACTIVE, 100.0, T3, 2,$5, Red, 140, 260, INACTIVE, 50.0, N/A, 0,$5, Red, 200, 300, INACTIVE, 100.0, N/A, 0,$5, Red, 180, 280, INACTIVE, 50.0, N/A, 0,$5, Red, 190, 200, INACTIVE, 50.0, N/A, 0,$5, 1109, 608, 0, 1, 1, 0, 0, 1, 0, 0, 0, 0, 0, 0, 0, 0, 0, 0, 0, 0, 0
18:04:00, Demo3, 1, 4, 2, 8, 0,  $10,  , 696,196, 28.00, 100.00, 100.00, Not Tracking, 1, 4, B1 ,  , 123,260, 28.00, 100.00, 100.00, Not Tracking, 1, R1 ,  , HIGH,TRUE, N/A, N/A,0.0, 385,418, Undetected, Unintercepted, HIGH,HIGH, N/A, N/A,0.0, 223,422, Undetected, Unintercepted, LOW,HIGH, N/A, N/A,0.0, 186,271, Undetected, Unintercepted, LOW,HIGH, N/A, N/A,0.0, 52,387, Undetected, Unintercepted, , Blue, 696, 196, ACTIVE, 25.0, N/A, 0,$5, Blue, 690, 250, INACTIVE, 50.0, N/A, 0,$5, Blue, 710, 280, INACTIVE, 100.0, N/A, 0,$5, Blue, 720, 300, INACTIVE, 50.0, N/A, 0,$10, Blue, 750, 270, INACTIVE, 50.0, N/A, 0,$5, Red, 123, 260, ACTIVE, 100.0, T3, 2,$5, Red, 140, 260, INACTIVE, 50.0, N/A, 0,$5, Red, 200, 300, INACTIVE, 100.0, N/A, 0,$5, Red, 180, 280, INACTIVE, 50.0, N/A, 0,$5, Red, 190, 200, INACTIVE, 50.0, N/A, 0,$5, 1109, 608, 0, 1, 1, 0, 0, 1, 0, 0, 0, 0, 0, 0, 0, 0, 0, 0, 0, 0, 0
18:04:00, Demo3, 1, 4, 2, 8, 0,  $10,  , 695,195, 28.00, 100.00, 100.00, Not Tracking, 1, 4, B1 ,  , 120,259, 28.00, 100.00, 100.00, Not Tracking, 1, R1 ,  , HIGH,TRUE, N/A, N/A,0.0, 384,418, Undetected, Unintercepted, HIGH,HIGH, N/A, N/A,0.0, 223,422, Undetected, Unintercepted, LOW,HIGH, N/A, N/A,0.0, 186,272, Undetected, Unintercepted, LOW,HIGH, N/A, N/A,0.0, 50,386, Undetected, Unintercepted, , Blue, 695, 195, ACTIVE, 25.0, N/A, 0,$5, Blue, 690, 250, INACTIVE, 50.0, N/A, 0,$5, Blue, 710, 280, INACTIVE, 100.0, N/A, 0,$5, Blue, 720, 300, INACTIVE, 50.0, N/A, 0,$10, Blue, 750, 270, INACTIVE, 50.0, N/A, 0,$5, Red, 120, 259, ACTIVE, 100.0, T3, 2,$5, Red, 140, 260, INACTIVE, 50.0, N/A, 0,$5, Red, 200, 300, INACTIVE, 100.0, N/A, 0,$5, Red, 180, 280, INACTIVE, 50.0, N/A, 0,$5, Red, 190, 200, INACTIVE, 50.0, N/A, 0,$5, 1109, 608, 0, 1, 1, 0, 0, 1, 0, 0, 0, 0, 0, 0, 0, 0, 0, 0, 0, 0, 0
18:04:00, Demo3, 1, 4, 2, 8, 0,  $10,  , 695,195, 28.00, 100.00, 100.00, Not Tracking, 1, 4, B1 ,  , 120,259, 28.00, 100.00, 100.00, Not Tracking, 1, R1 ,  , HIGH,TRUE, N/A, N/A,0.0, 384,418, Undetected, Unintercepted, HIGH,HIGH, N/A, N/A,0.0, 224,423, Undetected, Unintercepted, LOW,HIGH, N/A, N/A,0.0, 186,272, Undetected, Unintercepted, LOW,HIGH, N/A, N/A,0.0, 50,386, Undetected, Unintercepted, , Blue, 695, 195, ACTIVE, 25.0, N/A, 0,$5, Blue, 690, 250, INACTIVE, 50.0, N/A, 0,$5, Blue, 710, 280, INACTIVE, 100.0, N/A, 0,$5, Blue, 720, 300, INACTIVE, 50.0, N/A, 0,$10, Blue, 750, 270, INACTIVE, 50.0, N/A, 0,$5, Red, 120, 259, ACTIVE, 100.0, T3, 2,$5, Red, 140, 260, INACTIVE, 50.0, N/A, 0,$5, Red, 200, 300, INACTIVE, 100.0, N/A, 0,$5, Red, 180, 280, INACTIVE, 50.0, N/A, 0,$5, Red, 190, 200, INACTIVE, 50.0, N/A, 0,$5, 1133, 588, 0, 1, 1, 0, 0, 1, 0, 0, 0, 0, 0, 0, 0, 0, 0, 0, 0, 0, 0
18:04:00, Demo3, 1, 4, 2, 8, 0,  $10,  , 695,195, 28.00, 100.00, 100.00, Not Tracking, 1, 4, B1 ,  , 117,258, 28.00, 100.00, 100.00, Not Tracking, 1, R1 ,  , HIGH,TRUE, N/A, N/A,0.0, 383,418, Undetected, Unintercepted, HIGH,HIGH, N/A, N/A,0.0, 224,423, Undetected, Unintercepted, LOW,HIGH, N/A, N/A,0.0, 187,274, Undetected, Unintercepted, LOW,HIGH, N/A, N/A,0.0, 49,386, Undetected, Unintercepted, , Blue, 695, 195, ACTIVE, 25.0, N/A, 0,$5, Blue, 690, 250, INACTIVE, 50.0, N/A, 0,$5, Blue, 710, 280, INACTIVE, 100.0, N/A, 0,$5, Blue, 720, 300, INACTIVE, 50.0, N/A, 0,$10, Blue, 750, 270, INACTIVE, 50.0, N/A, 0,$5, Red, 117, 258, ACTIVE, 100.0, T3, 2,$5, Red, 140, 260, INACTIVE, 50.0, N/A, 0,$5, Red, 200, 300, INACTIVE, 100.0, N/A, 0,$5, Red, 180, 280, INACTIVE, 50.0, N/A, 0,$5, Red, 190, 200, INACTIVE, 50.0, N/A, 0,$5, 1291, 510, 0, 1, 1, 0, 0, 1, 0, 0, 0, 0, 0, 0, 0, 0, 0, 0, 0, 0, 0
18:04:00, Demo3, 1, 4, 2, 8, 0,  $10,  , 695,195, 28.00, 100.00, 100.00, Not Tracking, 1, 4, B1 ,  , 117,258, 28.00, 100.00, 100.00, Not Tracking, 1, R1 ,  , HIGH,TRUE, N/A, N/A,0.0, 383,419, Undetected, Unintercepted, HIGH,HIGH, N/A, N/A,0.0, 225,424, Undetected, Unintercepted, LOW,HIGH, N/A, N/A,0.0, 188,276, Undetected, Unintercepted, LOW,HIGH, N/A, N/A,0.0, 47,385, Undetected, Unintercepted, , Blue, 695, 195, ACTIVE, 25.0, N/A, 0,$5, Blue, 690, 250, INACTIVE, 50.0, N/A, 0,$5, Blue, 710, 280, INACTIVE, 100.0, N/A, 0,$5, Blue, 720, 300, INACTIVE, 50.0, N/A, 0,$10, Blue, 750, 270, INACTIVE, 50.0, N/A, 0,$5, Red, 117, 258, ACTIVE, 100.0, T3, 2,$5, Red, 140, 260, INACTIVE, 50.0, N/A, 0,$5, Red, 200, 300, INACTIVE, 100.0, N/A, 0,$5, Red, 180, 280, INACTIVE, 50.0, N/A, 0,$5, Red, 190, 200, INACTIVE, 50.0, N/A, 0,$5, 1549, 262, 0, 1, 1, 0, 0, 1, 0, 0, 0, 0, 0, 0, 0, 0, 0, 0, 0, 0, 0
18:04:00, Demo3, 1, 4, 2, 8, 0,  $10,  , 694,194, 28.00, 100.00, 100.00, Not Tracking, 1, 4, B1 ,  , 114,257, 28.00, 100.00, 100.00, Not Tracking, 1, R1 ,  , HIGH,TRUE, N/A, N/A,0.0, 383,419, Undetected, Unintercepted, HIGH,HIGH, N/A, N/A,0.0, 225,424, Undetected, Unintercepted, LOW,HIGH, N/A, N/A,0.0, 188,276, Undetected, Unintercepted, LOW,HIGH, N/A, N/A,0.0, 47,385, Undetected, Unintercepted, , Blue, 694, 194, ACTIVE, 25.0, N/A, 0,$5, Blue, 690, 250, INACTIVE, 50.0, N/A, 0,$5, Blue, 710, 280, INACTIVE, 100.0, N/A, 0,$5, Blue, 720, 300, INACTIVE, 50.0, N/A, 0,$10, Blue, 750, 270, INACTIVE, 50.0, N/A, 0,$5, Red, 114, 257, ACTIVE, 100.0, T3, 2,$5, Red, 140, 260, INACTIVE, 50.0, N/A, 0,$5, Red, 200, 300, INACTIVE, 100.0, N/A, 0,$5, Red, 180, 280, INACTIVE, 50.0, N/A, 0,$5, Red, 190, 200, INACTIVE, 50.0, N/A, 0,$5, 1619, 187, 0, 1, 1, 0, 0, 1, 0, 0, 0, 0, 0, 0, 0, 0, 0, 0, 0, 0, 0
18:04:00, Demo3, 1, 4, 2, 8, 0,  $10,  , 694,194, 28.00, 100.00, 100.00, Not Tracking, 1, 4, B1 ,  , 114,257, 28.00, 100.00, 100.00, Not Tracking, 1, R1 ,  , HIGH,TRUE, N/A, N/A,0.0, 382,419, Undetected, Unintercepted, HIGH,HIGH, N/A, N/A,0.0, 226,425, Undetected, Unintercepted, LOW,HIGH, N/A, N/A,0.0, 189,278, Undetected, Unintercepted, LOW,HIGH, N/A, N/A,0.0, 45,384, Undetected, Unintercepted, , Blue, 694, 194, ACTIVE, 25.0, N/A, 0,$5, Blue, 690, 250, INACTIVE, 50.0, N/A, 0,$5, Blue, 710, 280, INACTIVE, 100.0, N/A, 0,$5, Blue, 720, 300, INACTIVE, 50.0, N/A, 0,$10, Blue, 750, 270, INACTIVE, 50.0, N/A, 0,$5, Red, 114, 257, ACTIVE, 100.0, T3, 2,$5, Red, 140, 260, INACTIVE, 50.0, N/A, 0,$5, Red, 200, 300, INACTIVE, 100.0, N/A, 0,$5, Red, 180, 280, INACTIVE, 50.0, N/A, 0,$5, Red, 190, 200, INACTIVE, 50.0, N/A, 0,$5, 1619, 187, 0, 1, 1, 0, 0, 1, 0, 0, 0, 0, 0, 0, 0, 0, 0, 0, 0, 0, 0
18:04:01, Demo3, 1, 4, 2, 8, 0,  $10,  , 693,193, 28.00, 100.00, 100.00, Not Tracking, 1, 4, B1 ,  , 112,257, 28.00, 100.00, 100.00, Not Tracking, 1, R1 ,  , HIGH,TRUE, N/A, N/A,0.0, 382,419, Undetected, Unintercepted, HIGH,HIGH, N/A, N/A,0.0, 226,425, Undetected, Unintercepted, LOW,HIGH, N/A, N/A,0.0, 189,278, Undetected, Unintercepted, LOW,HIGH, N/A, N/A,0.0, 45,384, Undetected, Unintercepted, , Blue, 693, 193, ACTIVE, 25.0, N/A, 0,$5, Blue, 690, 250, INACTIVE, 50.0, N/A, 0,$5, Blue, 710, 280, INACTIVE, 100.0, N/A, 0,$5, Blue, 720, 300, INACTIVE, 50.0, N/A, 0,$10, Blue, 750, 270, INACTIVE, 50.0, N/A, 0,$5, Red, 112, 257, ACTIVE, 100.0, T3, 2,$5, Red, 140, 260, INACTIVE, 50.0, N/A, 0,$5, Red, 200, 300, INACTIVE, 100.0, N/A, 0,$5, Red, 180, 280, INACTIVE, 50.0, N/A, 0,$5, Red, 190, 200, INACTIVE, 50.0, N/A, 0,$5, 1607, 162, 0, 1, 1, 0, 0, 1, 0, 0, 0, 0, 0, 0, 0, 0, 0, 0, 0, 0, 0
18:04:01, Demo3, 1, 4, 2, 8, 0,  $10,  , 693,193, 28.00, 100.00, 100.00, Not Tracking, 1, 4, B1 ,  , 112,257, 28.00, 100.00, 100.00, Not Tracking, 1, R1 ,  , HIGH,TRUE, N/A, N/A,0.0, 382,420, Undetected, Unintercepted, HIGH,HIGH, N/A, N/A,0.0, 227,426, Undetected, Unintercepted, LOW,HIGH, N/A, N/A,0.0, 190,280, Undetected, Unintercepted, LOW,HIGH, N/A, N/A,0.0, 44,384, Undetected, Unintercepted, , Blue, 693, 193, ACTIVE, 25.0, N/A, 0,$5, Blue, 690, 250, INACTIVE, 50.0, N/A, 0,$5, Blue, 710, 280, INACTIVE, 100.0, N/A, 0,$5, Blue, 720, 300, INACTIVE, 50.0, N/A, 0,$10, Blue, 750, 270, INACTIVE, 50.0, N/A, 0,$5, Red, 112, 257, ACTIVE, 100.0, T3, 2,$5, Red, 140, 260, INACTIVE, 50.0, N/A, 0,$5, Red, 200, 300, INACTIVE, 100.0, N/A, 0,$5, Red, 180, 280, INACTIVE, 50.0, N/A, 0,$5, Red, 190, 200, INACTIVE, 50.0, N/A, 0,$5, 1602, 151, 0, 1, 1, 0, 0, 1, 0, 0, 0, 0, 0, 0, 0, 0, 0, 0, 0, 0, 0
18:04:01, Demo3, 1, 4, 2, 8, 0,  $10,  , 693,193, 28.00, 100.00, 100.00, Not Tracking, 1, 4, B1 ,  , 109,256, 28.00, 100.00, 100.00, Not Tracking, 1, R1 ,  , HIGH,TRUE, N/A, N/A,0.0, 382,420, Undetected, Unintercepted, HIGH,HIGH, N/A, N/A,0.0, 227,426, Undetected, Unintercepted, LOW,HIGH, N/A, N/A,0.0, 190,280, Undetected, Unintercepted, LOW,HIGH, N/A, N/A,0.0, 44,384, Undetected, Unintercepted, , Blue, 693, 193, ACTIVE, 25.0, N/A, 0,$5, Blue, 690, 250, INACTIVE, 50.0, N/A, 0,$5, Blue, 710, 280, INACTIVE, 100.0, N/A, 0,$5, Blue, 720, 300, INACTIVE, 50.0, N/A, 0,$10, Blue, 750, 270, INACTIVE, 50.0, N/A, 0,$5, Red, 109, 256, ACTIVE, 100.0, T3, 2,$5, Red, 140, 260, INACTIVE, 50.0, N/A, 0,$5, Red, 200, 300, INACTIVE, 100.0, N/A, 0,$5, Red, 180, 280, INACTIVE, 50.0, N/A, 0,$5, Red, 190, 200, INACTIVE, 50.0, N/A, 0,$5, 1602, 150, 0, 1, 1, 0, 0, 1, 0, 0, 0, 0, 0, 0, 0, 0, 0, 0, 0, 0, 0
18:04:01, Demo3, 1, 4, 2, 8, 0,  $10,  , 693,193, 28.00, 100.00, 100.00, Not Tracking, 1, 4, B1 ,  , 109,256, 28.00, 100.00, 100.00, Not Tracking, 1, R1 ,  , HIGH,TRUE, N/A, N/A,0.0, 381,420, Undetected, Unintercepted, HIGH,HIGH, N/A, N/A,0.0, 228,427, Undetected, Unintercepted, LOW,HIGH, N/A, N/A,0.0, 191,282, Undetected, Unintercepted, LOW,HIGH, N/A, N/A,0.0, 42,383, Undetected, Unintercepted, , Blue, 692, 192, ACTIVE, 25.0, N/A, 0,$5, Blue, 690, 250, INACTIVE, 50.0, N/A, 0,$5, Blue, 710, 280, INACTIVE, 100.0, N/A, 0,$5, Blue, 720, 300, INACTIVE, 50.0, N/A, 0,$10, Blue, 750, 270, INACTIVE, 50.0, N/A, 0,$5, Red, 109, 256, ACTIVE, 100.0, T3, 2,$5, Red, 140, 260, INACTIVE, 50.0, N/A, 0,$5, Red, 200, 300, INACTIVE, 100.0, N/A, 0,$5, Red, 180, 280, INACTIVE, 50.0, N/A, 0,$5, Red, 190, 200, INACTIVE, 50.0, N/A, 0,$5, 1617, 148, 0, 1, 1, 0, 0, 1, 0, 0, 0, 0, 0, 0, 0, 0, 0, 0, 0, 0, 0
